tissue	rat_id	GEO_accession	BioSample_accession	SRA_accession
Adipose	57215-3	NA	NA	NA
Adipose	57241-4	NA	NA	NA
Adipose	57241-5	NA	NA	NA
Adipose	57604-6	NA	NA	NA
Adipose	57810-3	NA	NA	NA
Adipose	57909-4	NA	NA	NA
Adipose	57914-3	NA	NA	NA
Adipose	58041-6	NA	NA	NA
Adipose	58095-3	NA	NA	NA
Adipose	58096-4	NA	NA	NA
Adipose	58096-6	NA	NA	NA
Adipose	58105-4	NA	NA	NA
Adipose	58125-3	NA	NA	NA
Adipose	58125-4	NA	NA	NA
Adipose	58293-3	NA	NA	NA
Adipose	58293-4	NA	NA	NA
Adipose	58294-4	NA	NA	NA
Adipose	58295-4	NA	NA	NA
Adipose	58301-3	NA	NA	NA
Adipose	58301-4	NA	NA	NA
Adipose	58337-3	NA	NA	NA
Adipose	58342-3	NA	NA	NA
Adipose	58343-4	NA	NA	NA
Adipose	58564-4	NA	NA	NA
Adipose	58566-3	NA	NA	NA
Adipose	58566-4	NA	NA	NA
Adipose	58570-3	NA	NA	NA
Adipose	58572-4	NA	NA	NA
Adipose	58765-4	NA	NA	NA
Adipose	58769-3	NA	NA	NA
Adipose	58771-4	NA	NA	NA
Adipose	58774-4	NA	NA	NA
Adipose	58779-3	NA	NA	NA
Adipose	58779-4	NA	NA	NA
Adipose	59104-4	NA	NA	NA
Adipose	59108-3	NA	NA	NA
Adipose	59114-3	NA	NA	NA
Adipose	59114-4	NA	NA	NA
Adipose	60213-3	NA	NA	NA
Adipose	60214-3	NA	NA	NA
Adipose	60214-5	NA	NA	NA
Adipose	60444-3	NA	NA	NA
Adipose	60444-5	NA	NA	NA
Adipose	60641-3	NA	NA	NA
Adipose	60644-4	NA	NA	NA
Adipose	60650-3	NA	NA	NA
Adipose	61038-4	NA	NA	NA
Adipose	61038-5	NA	NA	NA
Adipose	61040-5	NA	NA	NA
Adipose	61158-4	NA	NA	NA
Adipose	61160-3	NA	NA	NA
Adipose	61160-4	NA	NA	NA
Adipose	61163-4	NA	NA	NA
Adipose	61172-3	NA	NA	NA
Adipose	61357-4	NA	NA	NA
Adipose	61638-4	NA	NA	NA
Adipose	61638-5	NA	NA	NA
Adipose	61638-6	NA	NA	NA
Adipose	61641-3	NA	NA	NA
Adipose	61643-5	NA	NA	NA
Adipose	61644-4	NA	NA	NA
Adipose	61645-3	NA	NA	NA
Adipose	61646-3	NA	NA	NA
Adipose	61646-4	NA	NA	NA
Adipose	61821-6	NA	NA	NA
Adipose	62044-5	NA	NA	NA
Adipose	62046-4	NA	NA	NA
Adipose	62288-3	NA	NA	NA
Adipose	62289-4	NA	NA	NA
Adipose	62296-4	NA	NA	NA
Adipose	62298-4	NA	NA	NA
Adipose	62302-4	NA	NA	NA
Adipose	62309-4	NA	NA	NA
Adipose	62310-4	NA	NA	NA
Adipose	62312-4	NA	NA	NA
Adipose	62315-4	NA	NA	NA
Adipose	62316-4	NA	NA	NA
Adipose	62317-4	NA	NA	NA
Adipose	62318-4	NA	NA	NA
Adipose	62321-3	NA	NA	NA
Adipose	62322-4	NA	NA	NA
Adipose	62322-6	NA	NA	NA
Adipose	62323-3	NA	NA	NA
Adipose	62324-6	NA	NA	NA
Adipose	62329-4	NA	NA	NA
Adipose	62334-4	NA	NA	NA
Adipose	62335-3	NA	NA	NA
Adipose	62335-4	NA	NA	NA
Adipose	62338-3	NA	NA	NA
Adipose	62339-3	NA	NA	NA
Adipose	62339-4	NA	NA	NA
Adipose	62343-4	NA	NA	NA
Adipose	62347-5	NA	NA	NA
Adipose	62347-6	NA	NA	NA
Adipose	62349-6	NA	NA	NA
Adipose	62352-4	NA	NA	NA
Adipose	62360-5	NA	NA	NA
Adipose	62378-4	NA	NA	NA
Adipose	62380-4	NA	NA	NA
Adipose	62381-5	NA	NA	NA
Adipose	62381-6	NA	NA	NA
Adipose	62397-4	NA	NA	NA
Adipose	62407-3	NA	NA	NA
Adipose	62408-3	NA	NA	NA
Adipose	62411-4	NA	NA	NA
Adipose	62414-5	NA	NA	NA
Adipose	62414-6	NA	NA	NA
Adipose	62415-3	NA	NA	NA
Adipose	62417-3	NA	NA	NA
Adipose	62418-3	NA	NA	NA
Adipose	62420-3	NA	NA	NA
Adipose	62422-3	NA	NA	NA
Adipose	62422-4	NA	NA	NA
Adipose	62425-4	NA	NA	NA
Adipose	62426-3	NA	NA	NA
Adipose	62432-3	NA	NA	NA
Adipose	62436-3	NA	NA	NA
Adipose	62437-4	NA	NA	NA
Adipose	62438-3	NA	NA	NA
Adipose	62438-5	NA	NA	NA
Adipose	62443-4	NA	NA	NA
Adipose	62449-3	NA	NA	NA
Adipose	62471-3	NA	NA	NA
Adipose	62485-4	NA	NA	NA
Adipose	62495-3	NA	NA	NA
Adipose	62496-4	NA	NA	NA
Adipose	62497-4	NA	NA	NA
Adipose	62506-4	NA	NA	NA
Adipose	62507-3	NA	NA	NA
Adipose	62507-4	NA	NA	NA
Adipose	62511-3	NA	NA	NA
Adipose	62514-4	NA	NA	NA
Adipose	62516-4	NA	NA	NA
Adipose	62561-3	NA	NA	NA
Adipose	62561-4	NA	NA	NA
Adipose	62562-5	NA	NA	NA
Adipose	62562-6	NA	NA	NA
Adipose	62594-3	NA	NA	NA
Adipose	62594-6	NA	NA	NA
Adipose	62595-3	NA	NA	NA
Adipose	62596-3	NA	NA	NA
Adipose	62597-4	NA	NA	NA
Adipose	62607-3	NA	NA	NA
Adipose	62608-4	NA	NA	NA
Adipose	62608-5	NA	NA	NA
Adipose	62608-6	NA	NA	NA
Adipose	62611-3	NA	NA	NA
Adipose	62612-4	NA	NA	NA
Adipose	62613-3	NA	NA	NA
Adipose	62615-3	NA	NA	NA
Adipose	62618-4	NA	NA	NA
Adipose	62631-3	NA	NA	NA
Adipose	62633-3	NA	NA	NA
Adipose	62633-4	NA	NA	NA
Adipose	62635-4	NA	NA	NA
Adipose	62641-4	NA	NA	NA
Adipose	62642-3	NA	NA	NA
Adipose	62647-3	NA	NA	NA
Adipose	62649-3	NA	NA	NA
Adipose	62651-4	NA	NA	NA
Adipose	62652-3	NA	NA	NA
Adipose	62652-4	NA	NA	NA
Adipose	62653-3	NA	NA	NA
Adipose	62653-4	NA	NA	NA
Adipose	62655-3	NA	NA	NA
Adipose	62658-3	NA	NA	NA
Adipose	62661-4	NA	NA	NA
Adipose	62663-3	NA	NA	NA
Adipose	62667-4	NA	NA	NA
Adipose	62669-3	NA	NA	NA
Adipose	62669-5	NA	NA	NA
Adipose	62675-4	NA	NA	NA
Adipose	62677-3	NA	NA	NA
Adipose	62678-4	NA	NA	NA
Adipose	62678-6	NA	NA	NA
Adipose	62679-3	NA	NA	NA
Adipose	62680-3	NA	NA	NA
Adipose	62683-4	NA	NA	NA
Adipose	62684-3	NA	NA	NA
Adipose	62684-4	NA	NA	NA
Adipose	62685-3	NA	NA	NA
Adipose	62686-4	NA	NA	NA
Adipose	62692-3	NA	NA	NA
Adipose	62695-4	NA	NA	NA
Adipose	62700-3	NA	NA	NA
Adipose	62718-4	NA	NA	NA
Adipose	62720-3	NA	NA	NA
Adipose	62724-3	NA	NA	NA
Adipose	62725-3	NA	NA	NA
Adipose	62728-3	NA	NA	NA
Adipose	62728-4	NA	NA	NA
Adipose	62732-3	NA	NA	NA
Adipose	62734-4	NA	NA	NA
Adipose	62762-4	NA	NA	NA
Adipose	62763-3	NA	NA	NA
Adipose	62765-4	NA	NA	NA
Adipose	62769-3	NA	NA	NA
Adipose	62769-6	NA	NA	NA
Adipose	62785-4	NA	NA	NA
Adipose	62789-4	NA	NA	NA
Adipose	62792-4	NA	NA	NA
Adipose	62797-3	NA	NA	NA
Adipose	62798-3	NA	NA	NA
Adipose	62799-4	NA	NA	NA
Adipose	62800-3	NA	NA	NA
Adipose	62818-6	NA	NA	NA
Adipose	62819-4	NA	NA	NA
Adipose	62854-4	NA	NA	NA
Adipose	62857-4	NA	NA	NA
Adipose	62864-4	NA	NA	NA
Adipose	62868-3	NA	NA	NA
Adipose	62872-4	NA	NA	NA
Adipose	62873-5	NA	NA	NA
Adipose	62875-3	NA	NA	NA
Adipose	62882-4	NA	NA	NA
Adipose	62884-3	NA	NA	NA
Adipose	62886-3	NA	NA	NA
Adipose	62887-3	NA	NA	NA
Adipose	62888-3	NA	NA	NA
Adipose	62892-3	NA	NA	NA
Adipose	62892-4	NA	NA	NA
Adipose	62895-3	NA	NA	NA
Adipose	62896-3	NA	NA	NA
Adipose	62897-4	NA	NA	NA
Adipose	62900-3	NA	NA	NA
Adipose	62901-3	NA	NA	NA
Adipose	62901-4	NA	NA	NA
Adipose	62901-5	NA	NA	NA
Adipose	62909-4	NA	NA	NA
Adipose	62910-4	NA	NA	NA
Adipose	62911-3	NA	NA	NA
Adipose	62911-4	NA	NA	NA
Adipose	62912-4	NA	NA	NA
Adipose	62913-6	NA	NA	NA
Adipose	62920-5	NA	NA	NA
Adipose	62921-4	NA	NA	NA
Adipose	62922-4	NA	NA	NA
Adipose	62934-3	NA	NA	NA
Adipose	62936-4	NA	NA	NA
Adipose	62938-3	NA	NA	NA
Adipose	62943-3	NA	NA	NA
Adipose	62943-4	NA	NA	NA
Adipose	62961-3	NA	NA	NA
Adipose	62966-3	NA	NA	NA
Adipose	62968-3	NA	NA	NA
Adipose	62975-3	NA	NA	NA
Adipose	62978-6	NA	NA	NA
Adipose	62980-3	NA	NA	NA
Adipose	62988-6	NA	NA	NA
Adipose	62995-4	NA	NA	NA
Adipose	62996-3	NA	NA	NA
Adipose	62996-4	NA	NA	NA
Adipose	63000-3	NA	NA	NA
Adipose	63000-4	NA	NA	NA
Adipose	63002-4	NA	NA	NA
Adipose	63006-4	NA	NA	NA
Adipose	63008-4	NA	NA	NA
Adipose	63008-5	NA	NA	NA
Adipose	63014-4	NA	NA	NA
Adipose	63016-4	NA	NA	NA
Adipose	63032-3	NA	NA	NA
Adipose	63032-4	NA	NA	NA
Adipose	63032-5	NA	NA	NA
Adipose	63056-3	NA	NA	NA
Adipose	63906-4	NA	NA	NA
Adipose	63910-4	NA	NA	NA
Adipose	63912-3	NA	NA	NA
Adipose	63912-4	NA	NA	NA
Adipose	63913-4	NA	NA	NA
Adipose	63939-3	NA	NA	NA
Adipose	63939-4	NA	NA	NA
Adipose	63940-3	NA	NA	NA
Adipose	63940-4	NA	NA	NA
Adipose	63941-3	NA	NA	NA
Adipose	63941-4	NA	NA	NA
Adipose	63942-3	NA	NA	NA
Adipose	63942-4	NA	NA	NA
Adipose	63942-5	NA	NA	NA
Adipose	63944-3	NA	NA	NA
Adipose	63944-5	NA	NA	NA
Adipose	63947-3	NA	NA	NA
Adipose	63947-4	NA	NA	NA
Adipose	63948-3	NA	NA	NA
Adipose	63948-4	NA	NA	NA
Adipose	63949-3	NA	NA	NA
Adipose	63952-3	NA	NA	NA
Adipose	63952-4	NA	NA	NA
Adipose	63953-3	NA	NA	NA
Adipose	63956-4	NA	NA	NA
Adipose	63956-5	NA	NA	NA
Adipose	63959-3	NA	NA	NA
Adipose	63959-4	NA	NA	NA
Adipose	63961-3	NA	NA	NA
Adipose	63961-4	NA	NA	NA
Adipose	63966-3	NA	NA	NA
Adipose	63966-4	NA	NA	NA
Adipose	63968-4	NA	NA	NA
Adipose	63972-3	NA	NA	NA
Adipose	63972-5	NA	NA	NA
Adipose	63974-4	NA	NA	NA
Adipose	63984-3	NA	NA	NA
Adipose	63984-4	NA	NA	NA
Adipose	63990-4	NA	NA	NA
Adipose	63991-3	NA	NA	NA
Adipose	63997-3	NA	NA	NA
Adipose	64000-3	NA	NA	NA
Adipose	64000-4	NA	NA	NA
Adipose	64001-3	NA	NA	NA
Adipose	64003-3	NA	NA	NA
Adipose	64003-4	NA	NA	NA
Adipose	64003-5	NA	NA	NA
Adipose	64009-3	NA	NA	NA
Adipose	64011-3	NA	NA	NA
Adipose	64016-4	NA	NA	NA
Adipose	64016-6	NA	NA	NA
Adipose	64023-4	NA	NA	NA
Adipose	64024-3	NA	NA	NA
Adipose	64024-4	NA	NA	NA
Adipose	64027-3	NA	NA	NA
Adipose	64027-4	NA	NA	NA
Adipose	64034-3	NA	NA	NA
Adipose	64038-3	NA	NA	NA
Adipose	64038-4	NA	NA	NA
Adipose	64039-3	NA	NA	NA
Adipose	64043-3	NA	NA	NA
Adipose	64045-3	NA	NA	NA
Adipose	64045-4	NA	NA	NA
Adipose	64057-4	NA	NA	NA
Adipose	64060-3	NA	NA	NA
Adipose	64070-4	NA	NA	NA
Adipose	64104-3	NA	NA	NA
Adipose	64105-3	NA	NA	NA
Adipose	64105-4	NA	NA	NA
Adipose	64106-5	NA	NA	NA
Adipose	64108-3	NA	NA	NA
Adipose	64109-3	NA	NA	NA
Adipose	64109-4	NA	NA	NA
Adipose	64110-3	NA	NA	NA
Adipose	64111-3	NA	NA	NA
Adipose	64112-3	NA	NA	NA
Adipose	64113-3	NA	NA	NA
Adipose	64113-4	NA	NA	NA
Adipose	64116-4	NA	NA	NA
Adipose	64119-3	NA	NA	NA
Adipose	64131-4	NA	NA	NA
Adipose	64134-3	NA	NA	NA
Adipose	64134-5	NA	NA	NA
Adipose	64134-6	NA	NA	NA
Adipose	64142-4	NA	NA	NA
Adipose	64146-3	NA	NA	NA
Adipose	64146-4	NA	NA	NA
Adipose	64148-3	NA	NA	NA
Adipose	64148-4	NA	NA	NA
Adipose	64149-3	NA	NA	NA
Adipose	64152-4	NA	NA	NA
Adipose	64154-4	NA	NA	NA
Adipose	64159-3	NA	NA	NA
Adipose	64159-4	NA	NA	NA
Adipose	64160-2	NA	NA	NA
Adipose	64162-3	NA	NA	NA
Adipose	64162-4	NA	NA	NA
Adipose	64164-3	NA	NA	NA
Adipose	64166-4	NA	NA	NA
Adipose	64167-3	NA	NA	NA
Adipose	64168-4	NA	NA	NA
Adipose	64170-3	NA	NA	NA
Adipose	64170-4	NA	NA	NA
Adipose	64171-3	NA	NA	NA
Adipose	64177-4	NA	NA	NA
Adipose	64180-3	NA	NA	NA
Adipose	64183-3	NA	NA	NA
Adipose	64185-4	NA	NA	NA
Adipose	64186-4	NA	NA	NA
Adipose	64194-3	NA	NA	NA
Adipose	64199-4	NA	NA	NA
Adipose	64199-5	NA	NA	NA
Adipose	64205-3	NA	NA	NA
Adipose	64213-3	NA	NA	NA
Adipose	64213-4	NA	NA	NA
Adipose	64226-4	NA	NA	NA
Adipose	64227-3	NA	NA	NA
Adipose	64230-4	NA	NA	NA
Adipose	64230-5	NA	NA	NA
Adipose	64231-3	NA	NA	NA
Adipose	64231-4	NA	NA	NA
Adipose	64235-3	NA	NA	NA
Adipose	64235-5	NA	NA	NA
Adipose	64238-3	NA	NA	NA
Adipose	64238-4	NA	NA	NA
Adipose	64240-3	NA	NA	NA
Adipose	64240-4	NA	NA	NA
Adipose	64244-4	NA	NA	NA
Adipose	64246-4	NA	NA	NA
Adipose	64246-5	NA	NA	NA
Adipose	64247-3	NA	NA	NA
Adipose	64248-3	NA	NA	NA
Adipose	64249-4	NA	NA	NA
Adipose	64251-3	NA	NA	NA
Adipose	64257-4	NA	NA	NA
Adipose	64262-4	NA	NA	NA
Adipose	64267-3	NA	NA	NA
Adipose	64293-3	NA	NA	NA
Adipose	64294-4	NA	NA	NA
Adipose	64295-4	NA	NA	NA
Adipose	64297-3	NA	NA	NA
Adipose	64297-5	NA	NA	NA
Adipose	64297-6	NA	NA	NA
Adipose	64299-4	NA	NA	NA
Adipose	64304-1	NA	NA	NA
Adipose	64305-5	NA	NA	NA
Adipose	64305-6	NA	NA	NA
BLA	933000320045751	NA	NA	NA
BLA	933000320045756	NA	NA	NA
BLA	933000320045757	NA	NA	NA
BLA	933000320045759	NA	NA	NA
BLA	933000320045760	NA	NA	NA
BLA	933000320045761	NA	NA	NA
BLA	933000320045766	NA	NA	NA
BLA	933000320045768	NA	NA	NA
BLA	933000320045769	NA	NA	NA
BLA	933000320045772	NA	NA	NA
BLA	933000320045803	NA	NA	NA
BLA	933000320045804	NA	NA	NA
BLA	933000320045812	NA	NA	NA
BLA	933000320045821	NA	NA	NA
BLA	933000320045822	NA	NA	NA
BLA	933000320045877	NA	NA	NA
BLA	933000320045878	NA	NA	NA
BLA	933000320045880	NA	NA	NA
BLA	933000320045881	NA	NA	NA
BLA	933000320045882	NA	NA	NA
BLA	933000320045883	NA	NA	NA
BLA	933000320045884	NA	NA	NA
BLA	933000320045885	NA	NA	NA
BLA	933000320045886	NA	NA	NA
BLA	933000320045887	NA	NA	NA
BLA	933000320045888	NA	NA	NA
BLA	933000320045891	NA	NA	NA
BLA	933000320045892	NA	NA	NA
BLA	933000320045893	NA	NA	NA
BLA	933000320045894	NA	NA	NA
BLA	933000320045895	NA	NA	NA
BLA	933000320045896	NA	NA	NA
BLA	933000320045897	NA	NA	NA
BLA	933000320045898	NA	NA	NA
BLA	933000320045900	NA	NA	NA
BLA	933000320045901	NA	NA	NA
BLA	933000320045907	NA	NA	NA
BLA	933000320045910	NA	NA	NA
BLA	933000320045911	NA	NA	NA
BLA	933000320045912	NA	NA	NA
BLA	933000320045915	NA	NA	NA
BLA	933000320045918	NA	NA	NA
BLA	933000320045920	NA	NA	NA
BLA	933000320045921	NA	NA	NA
BLA	933000320045924	NA	NA	NA
BLA	933000320045925	NA	NA	NA
BLA	933000320046027	NA	NA	NA
BLA	933000320046032	NA	NA	NA
BLA	933000320046034	NA	NA	NA
BLA	933000320046037	NA	NA	NA
BLA	933000320046038	NA	NA	NA
BLA	933000320046041	NA	NA	NA
BLA	933000320046045	NA	NA	NA
BLA	933000320046046	NA	NA	NA
BLA	933000320046047	NA	NA	NA
BLA	933000320046048	NA	NA	NA
BLA	933000320046050	NA	NA	NA
BLA	933000320046051	NA	NA	NA
BLA	933000320046052	NA	NA	NA
BLA	933000320046053	NA	NA	NA
BLA	933000320046055	NA	NA	NA
BLA	933000320046056	NA	NA	NA
BLA	933000320046057	NA	NA	NA
BLA	933000320046058	NA	NA	NA
BLA	933000320046059	NA	NA	NA
BLA	933000320046062	NA	NA	NA
BLA	933000320046063	NA	NA	NA
BLA	933000320046064	NA	NA	NA
BLA	933000320046065	NA	NA	NA
BLA	933000320046067	NA	NA	NA
BLA	933000320046068	NA	NA	NA
BLA	933000320046069	NA	NA	NA
BLA	933000320046070	NA	NA	NA
BLA	933000320046071	NA	NA	NA
BLA	933000320046072	NA	NA	NA
BLA	933000320046073	NA	NA	NA
BLA	933000320046074	NA	NA	NA
BLA	933000320046075	NA	NA	NA
BLA	933000320046179	NA	NA	NA
BLA	933000320046181	NA	NA	NA
BLA	933000320046182	NA	NA	NA
BLA	933000320046184	NA	NA	NA
BLA	933000320046188	NA	NA	NA
BLA	933000320046190	NA	NA	NA
BLA	933000320046196	NA	NA	NA
BLA	933000320046251	NA	NA	NA
BLA	933000320046252	NA	NA	NA
BLA	933000320046253	NA	NA	NA
BLA	933000320046254	NA	NA	NA
BLA	933000320046255	NA	NA	NA
BLA	933000320046256	NA	NA	NA
BLA	933000320046257	NA	NA	NA
BLA	933000320046258	NA	NA	NA
BLA	933000320046259	NA	NA	NA
BLA	933000320046260	NA	NA	NA
BLA	933000320046261	NA	NA	NA
BLA	933000320046262	NA	NA	NA
BLA	933000320046263	NA	NA	NA
BLA	933000320046264	NA	NA	NA
BLA	933000320046265	NA	NA	NA
BLA	933000320046266	NA	NA	NA
BLA	933000320046267	NA	NA	NA
BLA	933000320046268	NA	NA	NA
BLA	933000320046269	NA	NA	NA
BLA	933000320046270	NA	NA	NA
BLA	933000320046271	NA	NA	NA
BLA	933000320046274	NA	NA	NA
BLA	933000320046275	NA	NA	NA
BLA	933000320046276	NA	NA	NA
BLA	933000320046282	NA	NA	NA
BLA	933000320046326	NA	NA	NA
BLA	933000320046327	NA	NA	NA
BLA	933000320046329	NA	NA	NA
BLA	933000320046330	NA	NA	NA
BLA	933000320046331	NA	NA	NA
BLA	933000320046332	NA	NA	NA
BLA	933000320046333	NA	NA	NA
BLA	933000320046334	NA	NA	NA
BLA	933000320046335	NA	NA	NA
BLA	933000320046337	NA	NA	NA
BLA	933000320046338	NA	NA	NA
BLA	933000320046339	NA	NA	NA
BLA	933000320046340	NA	NA	NA
BLA	933000320046341	NA	NA	NA
BLA	933000320046342	NA	NA	NA
BLA	933000320046343	NA	NA	NA
BLA	933000320046344	NA	NA	NA
BLA	933000320046346	NA	NA	NA
BLA	933000320046347	NA	NA	NA
BLA	933000320046348	NA	NA	NA
BLA	933000320046349	NA	NA	NA
BLA	933000320046353	NA	NA	NA
BLA	933000320046355	NA	NA	NA
BLA	933000320046356	NA	NA	NA
BLA	933000320046359	NA	NA	NA
BLA	933000320046360	NA	NA	NA
BLA	933000320046361	NA	NA	NA
BLA	933000320046362	NA	NA	NA
BLA	933000320046367	NA	NA	NA
BLA	933000320046368	NA	NA	NA
BLA	933000320046369	NA	NA	NA
BLA	933000320046370	NA	NA	NA
BLA	933000320046373	NA	NA	NA
BLA	933000320046478	NA	NA	NA
BLA	933000320046479	NA	NA	NA
BLA	933000320046481	NA	NA	NA
BLA	933000320046482	NA	NA	NA
BLA	933000320046483	NA	NA	NA
BLA	933000320046484	NA	NA	NA
BLA	933000320046485	NA	NA	NA
BLA	933000320046488	NA	NA	NA
BLA	933000320046490	NA	NA	NA
BLA	933000320046492	NA	NA	NA
BLA	933000320046493	NA	NA	NA
BLA	933000320046494	NA	NA	NA
BLA	933000320046495	NA	NA	NA
BLA	933000320046496	NA	NA	NA
BLA	933000320046497	NA	NA	NA
BLA	933000320046498	NA	NA	NA
BLA	933000320046500	NA	NA	NA
BLA	933000320046553	NA	NA	NA
BLA	933000320046555	NA	NA	NA
BLA	933000320046561	NA	NA	NA
BLA	933000320046564	NA	NA	NA
BLA	933000320046569	NA	NA	NA
BLA	933000320046571	NA	NA	NA
BLA	933000320046572	NA	NA	NA
BLA	933000320046573	NA	NA	NA
BLA	933000320046575	NA	NA	NA
BLA	933000320046752	NA	NA	NA
BLA	933000320046753	NA	NA	NA
BLA	933000320046755	NA	NA	NA
BLA	933000320046756	NA	NA	NA
BLA	933000320046757	NA	NA	NA
BLA	933000320046758	NA	NA	NA
BLA	933000320046759	NA	NA	NA
BLA	933000320046760	NA	NA	NA
BLA	933000320046761	NA	NA	NA
BLA	933000320046762	NA	NA	NA
BLA	933000320046763	NA	NA	NA
BLA	933000320046764	NA	NA	NA
BLA	933000320046766	NA	NA	NA
BLA	933000320046767	NA	NA	NA
BLA	933000320046768	NA	NA	NA
BLA	933000320046769	NA	NA	NA
BLA	933000320046771	NA	NA	NA
BLA	933000320046772	NA	NA	NA
BLA	933000320046774	NA	NA	NA
BLA	933000320046775	NA	NA	NA
Brain	000789972A	NA	NA	NA
Brain	0007899884	NA	NA	NA
Brain	000789FF64	NA	NA	NA
Brain	00079298B1	NA	NA	NA
Brain	00079299B5	NA	NA	NA
Brain	0007929A79	NA	NA	NA
Brain	0007929B36	NA	NA	NA
Brain	0007929BE1	NA	NA	NA
Brain	0007929C19	NA	NA	NA
Brain	0007929C40	NA	NA	NA
Brain	00079F9C01	NA	NA	NA
Brain	000792A1BD	NA	NA	NA
Brain	00077E75DE	NA	NA	NA
Brain	00077E8CD3	NA	NA	NA
Brain	000789963D	NA	NA	NA
Brain	00078998A8	NA	NA	NA
Brain	00078999AE	NA	NA	NA
Brain	000789FF60	NA	NA	NA
Brain	000789FF72	NA	NA	NA
Brain	000789FF9E	NA	NA	NA
Brain	000789FFAE	NA	NA	NA
Brain	000789FFB3	NA	NA	NA
Brain	000789FFB4	NA	NA	NA
Brain	000789FFC6	NA	NA	NA
Brain	000789FFF2	NA	NA	NA
Brain	00078A0055	NA	NA	NA
Brain	00078A00AD	NA	NA	NA
Brain	00078A00E5	NA	NA	NA
Brain	00078A0121	NA	NA	NA
Brain	00078A0129	NA	NA	NA
Brain	00078A0162	NA	NA	NA
Brain	00078A01D3	NA	NA	NA
Brain	00078A01F1	NA	NA	NA
Brain	00078A0264	NA	NA	NA
Brain	00078A0295	NA	NA	NA
Brain	00078A02B6	NA	NA	NA
Brain	00078A093C	NA	NA	NA
Brain	00078A09BB	NA	NA	NA
Brain	00078A16CF	NA	NA	NA
Brain	00078A16D0	NA	NA	NA
Brain	00078A16DB	NA	NA	NA
Brain	00078A1750	NA	NA	NA
Brain	00078A1765	NA	NA	NA
Brain	00078A1771	NA	NA	NA
Brain	00078A178C	NA	NA	NA
Brain	00078A17F3	NA	NA	NA
Brain	00078A1835	NA	NA	NA
Brain	00078A184F	NA	NA	NA
Brain	00078A186F	NA	NA	NA
Brain	00078A18BA	NA	NA	NA
Brain	00078A18C8	NA	NA	NA
Brain	00078A18EC	NA	NA	NA
Brain	00078A18F6	NA	NA	NA
Brain	00078A1900	NA	NA	NA
Brain	00078A190D	NA	NA	NA
Brain	00078A1924	NA	NA	NA
Brain	00078A19B2	NA	NA	NA
Brain	00078A19CC	NA	NA	NA
Brain	00078A1A41	NA	NA	NA
Brain	00078A1A5D	NA	NA	NA
Brain	00078A1A62	NA	NA	NA
Brain	00078A1A70	NA	NA	NA
Brain	00078A1A9A	NA	NA	NA
Brain	00078A22AF	NA	NA	NA
Brain	00078A25EF	NA	NA	NA
Brain	0007928310	NA	NA	NA
Brain	00079298A9	NA	NA	NA
Brain	00079298B3	NA	NA	NA
Brain	00079298CC	NA	NA	NA
Brain	00079298F7	NA	NA	NA
Brain	00079299D7	NA	NA	NA
Brain	00079299D9	NA	NA	NA
Brain	0007929A8A	NA	NA	NA
Brain	0007929A8E	NA	NA	NA
Brain	0007929A96	NA	NA	NA
Brain	0007929AD0	NA	NA	NA
Brain	0007929B15	NA	NA	NA
Brain	0007929B37	NA	NA	NA
Brain	0007929B45	NA	NA	NA
Brain	0007929B58	NA	NA	NA
Brain	0007929B67	NA	NA	NA
Brain	0007929B70	NA	NA	NA
Brain	0007929BA5	NA	NA	NA
Brain	0007929BDB	NA	NA	NA
Brain	0007929BE8	NA	NA	NA
Brain	0007929BF5	NA	NA	NA
Brain	000792A049	NA	NA	NA
Brain	000792A0EC	NA	NA	NA
Brain	000792A126	NA	NA	NA
Brain	000792A1A6	NA	NA	NA
Brain	000792A1B5	NA	NA	NA
Brain	000792A32B	NA	NA	NA
Brain	000792A62A	NA	NA	NA
Brain	000792A7DB	NA	NA	NA
Brain	00079F5D6C	NA	NA	NA
Brain	00079FD64F	NA	NA	NA
Brain	00079FF1CB	NA	NA	NA
Brain	0007A01A7C	NA	NA	NA
Brain	0007A01C94	NA	NA	NA
Brain	0007A39567	NA	NA	NA
Brain	0007A3C18F	NA	NA	NA
Brain	0007A3D743	NA	NA	NA
Brain	0007A3F68B	NA	NA	NA
Brain	00078995FC	NA	NA	NA
Brain	0007899605	NA	NA	NA
Brain	0007899607	NA	NA	NA
Brain	0007899688	NA	NA	NA
Brain	0007899695	NA	NA	NA
Brain	00078996AC	NA	NA	NA
Brain	00078996BD	NA	NA	NA
Brain	0007899712	NA	NA	NA
Brain	0007899718	NA	NA	NA
Brain	000789973F	NA	NA	NA
Brain	0007899751	NA	NA	NA
Brain	000789975D	NA	NA	NA
Brain	0007899778	NA	NA	NA
Brain	0007899781	NA	NA	NA
Brain	00078997A0	NA	NA	NA
Brain	00078997B9	NA	NA	NA
Brain	00078997BF	NA	NA	NA
Brain	00078997C9	NA	NA	NA
Brain	0007899800	NA	NA	NA
Brain	000789980F	NA	NA	NA
Brain	00078998C8	NA	NA	NA
Brain	000789990A	NA	NA	NA
Brain	0007899919	NA	NA	NA
Brain	0007899981	NA	NA	NA
Brain	00079298DD	NA	NA	NA
Brain	00079299E6	NA	NA	NA
Brain	00079299EE	NA	NA	NA
Brain	0007929A6C	NA	NA	NA
Brain	0007929AF5	NA	NA	NA
Brain	0007929B83	NA	NA	NA
Brain	0007929B96	NA	NA	NA
Brain	000792A080	NA	NA	NA
Brain	000792A08F	NA	NA	NA
Brain	000792A096	NA	NA	NA
Brain	000792A0D5	NA	NA	NA
Brain	000792A0D6	NA	NA	NA
Brain	000792A0E0	NA	NA	NA
Brain	000792A0EA	NA	NA	NA
Brain	000792A0FF	NA	NA	NA
Brain	000792A105	NA	NA	NA
Brain	000792A109	NA	NA	NA
Brain	000792A12F	NA	NA	NA
Brain	000792A135	NA	NA	NA
Brain	000792A14A	NA	NA	NA
Brain	000792A14D	NA	NA	NA
Brain	000792A166	NA	NA	NA
Brain	000792A177	NA	NA	NA
Brain	000792A17C	NA	NA	NA
Brain	000792A1A5	NA	NA	NA
Brain	000792A1C2	NA	NA	NA
Brain	000792A1C7	NA	NA	NA
Brain	000792A1F9	NA	NA	NA
Brain	000792A21B	NA	NA	NA
Brain	000792A23C	NA	NA	NA
Brain	000792A251	NA	NA	NA
Brain	000792A25B	NA	NA	NA
Brain	000792A2B8	NA	NA	NA
Brain	000792A2C6	NA	NA	NA
Brain	000792A34C	NA	NA	NA
Brain	000792A358	NA	NA	NA
Brain	000792A38F	NA	NA	NA
Brain	000792A3D0	NA	NA	NA
Brain	000792A3D1	NA	NA	NA
Brain	000792A3E7	NA	NA	NA
Brain	000792A3F9	NA	NA	NA
Brain	000792A41F	NA	NA	NA
Brain	000792A420	NA	NA	NA
Brain	000792A6D1	NA	NA	NA
Brain	000792A7A4	NA	NA	NA
Brain	000792A80C	NA	NA	NA
Brain	00079F578F	NA	NA	NA
Brain	00079F5F7E	NA	NA	NA
Brain	00079F6009	NA	NA	NA
Brain	00079F6AE2	NA	NA	NA
Brain	00079F73D2	NA	NA	NA
Brain	00079FA000	NA	NA	NA
Brain	00079FA065	NA	NA	NA
Brain	00079FA868	NA	NA	NA
Brain	00079FAA78	NA	NA	NA
Brain	00079FB742	NA	NA	NA
Brain	00079FB999	NA	NA	NA
Brain	00079FE238	NA	NA	NA
Brain	00079FE6B4	NA	NA	NA
Brain	00079FEE59	NA	NA	NA
Brain	00079FFF4F	NA	NA	NA
Brain	0007A001C5	NA	NA	NA
Brain	0007A027D6	NA	NA	NA
Brain	0007A037D1	NA	NA	NA
Brain	0007A06BBD	NA	NA	NA
Brain	0007A3AA83	NA	NA	NA
Brain	0007A3B423	NA	NA	NA
Brain	0007A3B51B	NA	NA	NA
Brain	0007A3B7B0	NA	NA	NA
Brain	0007A3BD9F	NA	NA	NA
Brain	00077E669E	NA	NA	NA
Brain	00077E7666	NA	NA	NA
Brain	00077E76EB	NA	NA	NA
Brain	00077E7819	NA	NA	NA
Brain	00077E7879	NA	NA	NA
Brain	00077E8223	NA	NA	NA
Brain	00077E82F7	NA	NA	NA
Brain	00077E8653	NA	NA	NA
Brain	00077E8CCF	NA	NA	NA
Brain	00077E8E43	NA	NA	NA
Brain	00077E8EB8	NA	NA	NA
Brain	00077E9063	NA	NA	NA
Brain	00077E90D8	NA	NA	NA
Brain	00077EA94E	NA	NA	NA
Brain	00077EAD3C	NA	NA	NA
Brain	0007899734	NA	NA	NA
Brain	0007899974	NA	NA	NA
Brain	00078A0031	NA	NA	NA
Brain	00078A0039	NA	NA	NA
Brain	00078A0057	NA	NA	NA
Brain	00078A020C	NA	NA	NA
Brain	00078A0222	NA	NA	NA
Brain	00078A02C3	NA	NA	NA
Brain	00078A072C	NA	NA	NA
Brain	00078A0841	NA	NA	NA
Brain	00078A097C	NA	NA	NA
Brain	00078A17A5	NA	NA	NA
Brain	00078A17AE	NA	NA	NA
Brain	00078A1936	NA	NA	NA
Brain	00078A19AE	NA	NA	NA
Brain	00078A1A59	NA	NA	NA
Brain	00078A1C54	NA	NA	NA
Brain	00078A22CE	NA	NA	NA
Brain	00078A233D	NA	NA	NA
Brain	00078A2478	NA	NA	NA
Brain	00078A25CF	NA	NA	NA
Brain	00078A2648	NA	NA	NA
Brain	0007929894	NA	NA	NA
Brain	0007929A68	NA	NA	NA
Brain	0007929B78	NA	NA	NA
Brain	0007929BF4	NA	NA	NA
Brain	000792A063	NA	NA	NA
Brain	000792A0A9	NA	NA	NA
Brain	000792A1AA	NA	NA	NA
Brain	000792A1F6	NA	NA	NA
Brain	000792A300	NA	NA	NA
Brain	000792A3EA	NA	NA	NA
Brain	000792A415	NA	NA	NA
Brain	000792A428	NA	NA	NA
Brain	00079F8EC8	NA	NA	NA
Brain	00079F939A	NA	NA	NA
Brain	00079F96AB	NA	NA	NA
Brain	00079F99EA	NA	NA	NA
Brain	00078996A6	NA	NA	NA
Brain	00078996CE	NA	NA	NA
Brain	000789977D	NA	NA	NA
Brain	00078997AC	NA	NA	NA
Brain	00078997BB	NA	NA	NA
Brain	00078997C4	NA	NA	NA
Brain	00078997D2	NA	NA	NA
Brain	00078997E9	NA	NA	NA
Brain	00078997FE	NA	NA	NA
Brain	00078998E4	NA	NA	NA
Brain	000789998B	NA	NA	NA
Brain	00079298E2	NA	NA	NA
Brain	00079299D6	NA	NA	NA
Brain	00079299F3	NA	NA	NA
Brain	0007929A14	NA	NA	NA
Brain	0007929A44	NA	NA	NA
Brain	0007929A87	NA	NA	NA
Brain	0007929AA4	NA	NA	NA
Brain	0007929AA5	NA	NA	NA
Brain	0007929AAC	NA	NA	NA
Brain	0007929ABE	NA	NA	NA
Brain	0007929AC8	NA	NA	NA
Brain	0007929ACD	NA	NA	NA
Brain	0007929ADD	NA	NA	NA
Brain	0007929AFF	NA	NA	NA
Brain	0007929B06	NA	NA	NA
Brain	0007929B0A	NA	NA	NA
Brain	0007929B17	NA	NA	NA
Brain	0007929B2F	NA	NA	NA
Brain	0007929B8F	NA	NA	NA
Brain	0007929B91	NA	NA	NA
Brain	0007929BBD	NA	NA	NA
Brain	0007929BEF	NA	NA	NA
Brain	0007929BF2	NA	NA	NA
Brain	0007929C2B	NA	NA	NA
Brain	000792A07E	NA	NA	NA
Brain	000792A08A	NA	NA	NA
Brain	000792A095	NA	NA	NA
Brain	000792A09C	NA	NA	NA
Brain	000792A131	NA	NA	NA
Brain	000792A179	NA	NA	NA
Brain	000792A180	NA	NA	NA
Brain	000792A1D1	NA	NA	NA
Brain	000792A1F4	NA	NA	NA
Brain	000792A20E	NA	NA	NA
Brain	000792A21D	NA	NA	NA
Brain	000792A24E	NA	NA	NA
Brain	000792A288	NA	NA	NA
Brain	000792A2DF	NA	NA	NA
Brain	000792A2EF	NA	NA	NA
Brain	000792A33B	NA	NA	NA
Brain	000792A371	NA	NA	NA
Brain	000792A382	NA	NA	NA
Brain	000792A383	NA	NA	NA
Brain	000792A3DB	NA	NA	NA
Brain	000792A3E1	NA	NA	NA
Brain	000792A409	NA	NA	NA
Brain	000792A7B4	NA	NA	NA
Brain	00079F86E9	NA	NA	NA
Brain	00079F8945	NA	NA	NA
Brain	00079F8DC9	NA	NA	NA
Brain	00079FB9D9	NA	NA	NA
Brain	00079FC3E9	NA	NA	NA
Brain	00079FD6BE	NA	NA	NA
Brain	00079FD9EB	NA	NA	NA
Brain	00079FF018	NA	NA	NA
Brain	00079FFAEA	NA	NA	NA
Brain	0007A01109	NA	NA	NA
Brain	0007A036FA	NA	NA	NA
Brain	0007A35B32	NA	NA	NA
Brain	0007A3748E	NA	NA	NA
Brain	0007A39048	NA	NA	NA
Brain	0007A3D3A3	NA	NA	NA
Brain	0007D3A794	NA	NA	NA
Brain	0007D5B7D6	NA	NA	NA
Brain	0007D5FD51	NA	NA	NA
Brain	0007D600E0	NA	NA	NA
Brain	0007D6063F	NA	NA	NA
Brain	0007D60ADC	NA	NA	NA
Brain	0007D6151C	NA	NA	NA
Brain	0007899758	NA	NA	NA
Brain	0007899761	NA	NA	NA
Brain	0007899866	NA	NA	NA
Brain	00078A00E6	NA	NA	NA
Brain	0007929938	NA	NA	NA
Brain	0007929956	NA	NA	NA
Brain	00079FF7D6	NA	NA	NA
Brain	0007899826	NA	NA	NA
Brain	0007929917	NA	NA	NA
Brain	00077E82E3	NA	NA	NA
Brain	00078A18A7	NA	NA	NA
Brain	0007899629	NA	NA	NA
Eye	00077E7AC5	GSM6053274	SAMN27723877	SRX14954060
Eye	00077E7B8A	GSM6053258	SAMN27723893	SRX14954076
Eye	00077E7BAA	GSM6053242	SAMN27723909	SRX14954044
Eye	00077E7BF8	GSM6053249	SAMN27723902	SRX14954067
Eye	00077E7C6D	GSM6053250	SAMN27723901	SRX14954068
Eye	00077E7CBE	GSM6053284	SAMN27723867	SRX14954086
Eye	00077E83F8	GSM6053247	SAMN27723904	SRX14954065
Eye	00077E8978	GSM6053243	SAMN27723908	SRX14954045
Eye	00077E8985	GSM6053257	SAMN27723894	SRX14954075
Eye	00077E8A23	GSM6053262	SAMN27723889	SRX14954048
Eye	00077E8AE2	GSM6053288	SAMN27723863	SRX14954090
Eye	00077E8BF4	GSM6053281	SAMN27723870	SRX14954083
Eye	00077E8F69	GSM6053270	SAMN27723881	SRX14954056
Eye	00077E8FAC	GSM6053251	SAMN27723900	SRX14954069
Eye	00077E8FAD	GSM6053277	SAMN27723874	SRX14954079
Eye	00077E9010	GSM6053259	SAMN27723892	SRX14954077
Eye	00077E9288	GSM6053273	SAMN27723878	SRX14954059
Eye	00077E9391	GSM6053264	SAMN27723887	SRX14954050
Eye	00077E9421	GSM6053256	SAMN27723895	SRX14954074
Eye	00077E9434	GSM6053254	SAMN27723897	SRX14954072
Eye	00077E94A0	GSM6053261	SAMN27723890	SRX14954047
Eye	00077E94CF	GSM6053265	SAMN27723886	SRX14954051
Eye	00077E957E	GSM6053278	SAMN27723873	SRX14954080
Eye	00077E96C6	GSM6053269	SAMN27723882	SRX14954055
Eye	00077E96CF	GSM6053268	SAMN27723883	SRX14954054
Eye	00077E988C	GSM6053255	SAMN27723896	SRX14954073
Eye	00077E993E	GSM6053267	SAMN27723884	SRX14954053
Eye	00077E995B	GSM6053271	SAMN27723880	SRX14954057
Eye	00077E9963	GSM6053245	SAMN27723906	SRX14954063
Eye	00077E9968	GSM6053272	SAMN27723879	SRX14954058
Eye	00077E9993	GSM6053244	SAMN27723907	SRX14954062
Eye	00077E9995	GSM6053282	SAMN27723869	SRX14954084
Eye	00077E9ACA	GSM6053290	SAMN27723861	SRX14954092
Eye	00077E9BB7	GSM6053253	SAMN27723898	SRX14954071
Eye	00077E9BD9	GSM6053287	SAMN27723864	SRX14954089
Eye	00077E9C1F	GSM6053280	SAMN27723871	SRX14954082
Eye	00077E9C26	GSM6053286	SAMN27723865	SRX14954088
Eye	00077E9E77	GSM6053276	SAMN27723875	SRX14954078
Eye	00077E9F3A	GSM6053289	SAMN27723862	SRX14954091
Eye	000789990A	GSM6053246	SAMN27723905	SRX14954064
Eye	0007929956	NA	NA	NA
Eye	000792A14D	GSM6053252	SAMN27723899	SRX14954070
Eye	000792A1F9	GSM6053285	SAMN27723866	SRX14954087
Eye	000792A2B8	GSM6053291	SAMN27723860	SRX14954093
Eye	000792A3E7	GSM6053260	SAMN27723891	SRX14954046
Eye	00079FFAEA	NA	NA	NA
Eye	0007A027D6	GSM6053248	SAMN27723903	SRX14954066
Eye	0007D2B45D	GSM6053275	SAMN27723876	SRX14954061
Eye	0007D2C474	GSM6053283	SAMN27723868	SRX14954085
Eye	0007D2C6E2	GSM6053263	SAMN27723888	SRX14954049
Eye	0007D2CBB5	GSM6053279	SAMN27723872	SRX14954081
Eye	0007D3C437	GSM6053292	SAMN27723859	SRX14954094
Eye	0007D48378	GSM6053266	SAMN27723885	SRX14954052
IC	81996_4	NA	NA	NA
IC	AA1DCD69B0	NA	NA	NA
IC	AA1DCD69B8	NA	NA	NA
IC	AA1DCD69BA	NA	NA	NA
IC	AA1DCD69BF	NA	NA	NA
IC	AA1DCD69C0	NA	NA	NA
IC	AA1DCD69C4	NA	NA	NA
IC	AA1DCD69C5	NA	NA	NA
IC	AA1DCD69C8	NA	NA	NA
IC	AA1DCD69CA	NA	NA	NA
IC	AA1DCD69CC	NA	NA	NA
IC	AA1DCD69D0	NA	NA	NA
IC	AA1DCD69D1	NA	NA	NA
IC	AA1DCD69D3	NA	NA	NA
IC	AA1DCD69DA	NA	NA	NA
IC	AA1DCD69DC	NA	NA	NA
IC	AA1DCD69DD	NA	NA	NA
IC	AA1DCD69DE	NA	NA	NA
IC	AA1DCD69E1	NA	NA	NA
IC	AA1DCD69E2	NA	NA	NA
IC	AA1DCD69EC	NA	NA	NA
IC	AA1DCD69EF	NA	NA	NA
IC	AA1DCD69F1	NA	NA	NA
IC	AA1DCD69F6	NA	NA	NA
IC	AA1DCD6A09	NA	NA	NA
IC	AA1DCD6A0B	NA	NA	NA
IC	AA1DCD6A0D	NA	NA	NA
IC	AA1DCD6A0E	NA	NA	NA
IC	AA1DCD6A10	NA	NA	NA
IC	AA1DCD6A11	NA	NA	NA
IC	AA1DCD6A14	NA	NA	NA
IC	AA1DCD6A15	NA	NA	NA
IC	AA1DCD6A16	NA	NA	NA
IC	AA1DCD6A17	NA	NA	NA
IC	AA1DCD6A18	NA	NA	NA
IC	AA1DCD6A19	NA	NA	NA
IC	AA1DCD6A1A	NA	NA	NA
IC	AA1DCD6A1C	NA	NA	NA
IC	AA1DCD6A1D	NA	NA	NA
IC	AA1DCD6A1F	NA	NA	NA
IC	AA1DCD6A20	NA	NA	NA
IC	AA1DCD6A21	NA	NA	NA
IC	AA1DCD6A24	NA	NA	NA
IC	AA1DCD6A27	NA	NA	NA
IC	AA1DCD6A2C	NA	NA	NA
IC	AA1DCD6A2F	NA	NA	NA
IC	AA1DCD6A32	NA	NA	NA
IC	AA1DCD6A36	NA	NA	NA
IC	AA1DCD6A37	NA	NA	NA
IC	AA1DCD6A38	NA	NA	NA
IC	AA1DCD6A3B	NA	NA	NA
IC	AA1DCD6A3C	NA	NA	NA
IC	AA1DCD6A3D	NA	NA	NA
IC	AA1DCD6A3F	NA	NA	NA
IC	AA1DCD6A40	NA	NA	NA
IC	AA1DCD6A46	NA	NA	NA
IC	AA1DCD6A49	NA	NA	NA
IC	AA1DCD6A4A	NA	NA	NA
IC	AA1DCD6A4D	NA	NA	NA
IC	AA1DCD6A4E	NA	NA	NA
IC	AA1DCD6A50	NA	NA	NA
IC	AA1DCD6A52	NA	NA	NA
IC	AA1DCD6A53	NA	NA	NA
IC	AA1DCD6A57	NA	NA	NA
IC	AA1DCD6A58	NA	NA	NA
IC	AA1DCD6A59	NA	NA	NA
IC	AA1DCD6A5B	NA	NA	NA
IC	AA1DCD6A5C	NA	NA	NA
IC	AA1DCD6A62	NA	NA	NA
IC	AA1DCD6A66	NA	NA	NA
IC	AA1DCD6A6B	NA	NA	NA
IC	AA1DCD6A6C	NA	NA	NA
IC	AA1DCD6A70	NA	NA	NA
IC	AA1DCD6A73	NA	NA	NA
IC	AA1DCD6A74	NA	NA	NA
IC	AA1DCD6A75	NA	NA	NA
IC	AA1DCD6C6D	NA	NA	NA
IC	AA1DCD6C6E	NA	NA	NA
IC	AA1DCD6C6F	NA	NA	NA
IC	AA1DCD6C70	NA	NA	NA
IC	AA1DCD6C71	NA	NA	NA
IC	AA1DCD6C72	NA	NA	NA
IC	AA1DCD6C74	NA	NA	NA
IC	AA1DCD6C75	NA	NA	NA
IC	AA1DCD6C78	NA	NA	NA
IC	AA1DCD6C79	NA	NA	NA
IC	AA1DCD6C7C	NA	NA	NA
IC	AA1DCD6C7D	NA	NA	NA
IC	AA1DCD6C82	NA	NA	NA
IC	AA1DCD6C83	NA	NA	NA
IC	AA1DCD6C84	NA	NA	NA
IC	AA1DCD6C86	NA	NA	NA
IC	AA1DCD6C87	NA	NA	NA
IC	AA1DCD6C88	NA	NA	NA
IC	AA1DCD6C89	NA	NA	NA
IC	AA1DCD6C8A	NA	NA	NA
IC	AA1DCD6C8B	NA	NA	NA
IC	AA1DCD6C8D	NA	NA	NA
IC	AA1DCD6C8E	NA	NA	NA
IC	AA1DCD6C8F	NA	NA	NA
IC	AA1DCD6C90	NA	NA	NA
IC	AA1DCD6C91	NA	NA	NA
IC	AA1DCD6C92	NA	NA	NA
IC	AA1DCD6C93	NA	NA	NA
IC	AA1DCD6C95	NA	NA	NA
IC	AA1DCD6C97	NA	NA	NA
IC	AA1DCD6C98	NA	NA	NA
IC	AA1DCD6C99	NA	NA	NA
IC	AA1DCD6C9A	NA	NA	NA
IC	AA1DCD6C9C	NA	NA	NA
IC	AA1DCD6C9D	NA	NA	NA
IC	AA1DCD6C9F	NA	NA	NA
IC	AA1DCD6CA0	NA	NA	NA
IC	AA1DCD6CA1	NA	NA	NA
IC	AA1DCD6CA2	NA	NA	NA
IC	AA1DCD6CA5	NA	NA	NA
IC	AA1DCD6CA6	NA	NA	NA
IC	AA1DCD6CA7	NA	NA	NA
IC	AA1DCD6CA9	NA	NA	NA
IC	AA1DCD6CAA	NA	NA	NA
IC	AA1DCD6CAD	NA	NA	NA
IC	AA1DCD6CB0	NA	NA	NA
IC	AA1DCD6CB2	NA	NA	NA
IC	AA1DCD6CB4	NA	NA	NA
IC	AA1DCD6CB5	NA	NA	NA
IC	AA1DCD6CB6	NA	NA	NA
IC	AA1DCD6CB7	NA	NA	NA
IC	AA1DCD6CB9	NA	NA	NA
IC	AA1DCD6CBD	NA	NA	NA
IC	AA1DCD6CBE	NA	NA	NA
IC	AA1DCD6CBF	NA	NA	NA
IC	AA1DCD6CC0	NA	NA	NA
IC	AA1DCD6CC1	NA	NA	NA
IC	AA1DCD6CC2	NA	NA	NA
IC	AA1DCD6CC4	NA	NA	NA
IC	AA1DCD6CC5	NA	NA	NA
IC	AA1DCD6CC9	NA	NA	NA
IC	AA1DCD6CCB	NA	NA	NA
IC	AA1DCD6CCC	NA	NA	NA
IC	AA1DCD6CD4	NA	NA	NA
IC	AA1DCD6CE1	NA	NA	NA
IC	AA1DCD6CE8	NA	NA	NA
IC	AA1DCD6CEE	NA	NA	NA
IC	AA1DCD6D05	NA	NA	NA
IC	AA1DCD6D06	NA	NA	NA
IC	AA1DCD6D19	NA	NA	NA
IC	AA1DCD6D2E	NA	NA	NA
IC	AA1DCD6D33	NA	NA	NA
IL	00077E67B5	GSM5260718	SAMN18835965	SRX10660019
IL	00077E8336	GSM5260721	SAMN18835962	SRX10660038
IL	00077EA7E6	GSM5260722	SAMN18835961	SRX10660039
IL	000789FF7D	GSM5260724	SAMN18835959	SRX10660041
IL	00078A0041	GSM5260732	SAMN18835949	SRX10660049
IL	00078A0138	GSM5260738	SAMN18835823	SRX10660077
IL	00078A0189	GSM5260741	SAMN18835826	SRX10660080
IL	00078A01C0	GSM5260743	SAMN18835824	SRX10660082
IL	00078A0224	GSM5260749	SAMN18835817	SRX10660088
IL	00078A02CB	GSM5260754	SAMN18835852	SRX10660005
IL	00078A0A43	GSM5260760	SAMN18835846	SRX10660011
IL	00078A17A7	GSM5260769	SAMN18835837	SRX10660022
IL	00078A1905	GSM5260782	SAMN18835899	SRX10660035
IL	00078A193E	GSM5260785	SAMN18835862	SRX10660054
IL	00078A19A7	GSM5260789	SAMN18835858	SRX10660058
IL	00078A19B7	GSM5260791	SAMN18835856	SRX10660060
IL	00078A19C0	GSM5260792	SAMN18835811	SRX10660061
IL	00078A1B05	GSM5260796	SAMN18835807	SRX10660065
IL	00078A1F34	GSM5260797	SAMN18835806	SRX10660066
IL	00078A2315	GSM5260800	SAMN18835803	SRX10660069
IL	00078A2463	GSM5260801	SAMN18835802	SRX10660070
IL	00078A261F	GSM5260804	SAMN18835799	SRX10660073
IL	00077E76FE	GSM5260720	SAMN18835963	SRX10660037
IL	000789FFF0	GSM5260728	SAMN18835955	SRX10660045
IL	000789FFF9	GSM5260730	SAMN18835951	SRX10660047
IL	00078A002C	GSM5260731	SAMN18835950	SRX10660048
IL	00078A00AC	GSM5260735	SAMN18835946	SRX10660052
IL	00078A00BF	GSM5260736	SAMN18835953	SRX10660075
IL	00078A0139	GSM5260739	SAMN18835945	SRX10660078
IL	00078A01DB	GSM5260745	SAMN18835821	SRX10660084
IL	00078A0244	GSM5260751	SAMN18835855	SRX10660090
IL	00078A0246	GSM5260752	SAMN18835854	SRX10660003
IL	00078A1707	GSM5260764	SAMN18835842	SRX10660015
IL	00078A1816	GSM5260772	SAMN18835905	SRX10660025
IL	00078A1837	GSM5260774	SAMN18835903	SRX10660027
IL	00078A189F	GSM5260778	SAMN18835895	SRX10660031
IL	00078A19D6	GSM5260793	SAMN18835810	SRX10660062
IL	00078A1A16	GSM5260794	SAMN18835809	SRX10660063
IL	000789FF6E	GSM5260723	SAMN18835960	SRX10660040
IL	000789FF94	GSM5260725	SAMN18835958	SRX10660042
IL	000789FFAC	GSM5260726	SAMN18835957	SRX10660043
IL	000789FFD3	GSM5260727	SAMN18835956	SRX10660044
IL	00078A0085	GSM5260734	SAMN18835947	SRX10660051
IL	00078A0127	GSM5260737	SAMN18835952	SRX10660076
IL	00078A0166	GSM5260740	SAMN18835944	SRX10660079
IL	00078A01A6	GSM5260742	SAMN18835825	SRX10660081
IL	00078A01D8	GSM5260744	SAMN18835822	SRX10660083
IL	00078A01FE	GSM5260746	SAMN18835820	SRX10660085
IL	00078A021A	GSM5260748	SAMN18835818	SRX10660087
IL	00078A022D	GSM5260750	SAMN18835816	SRX10660089
IL	00078A0255	GSM5260753	SAMN18835853	SRX10660004
IL	00078A02DF	GSM5260755	SAMN18835851	SRX10660006
IL	00078A07A2	GSM5260756	SAMN18835850	SRX10660007
IL	00078A087B	GSM5260757	SAMN18835849	SRX10660008
IL	00078A096C	GSM5260758	SAMN18835848	SRX10660009
IL	00078A09B1	GSM5260759	SAMN18835847	SRX10660010
IL	00078A0AEA	GSM5260761	SAMN18835845	SRX10660012
IL	00078A16D3	GSM5260762	SAMN18835844	SRX10660013
IL	00078A16DF	GSM5260763	SAMN18835843	SRX10660014
IL	00078A1731	GSM5260765	SAMN18835841	SRX10660016
IL	00078A1732	GSM5260766	SAMN18835840	SRX10660017
IL	00078A1772	GSM5260767	SAMN18835839	SRX10660018
IL	00078A179C	GSM5260768	SAMN18835838	SRX10660021
IL	00078A17F7	GSM5260770	SAMN18835836	SRX10660023
IL	00078A1807	GSM5260771	SAMN18835835	SRX10660024
IL	00078A181B	GSM5260773	SAMN18835904	SRX10660026
IL	00078A1863	GSM5260775	SAMN18835902	SRX10660028
IL	00078A186C	GSM5260776	SAMN18835897	SRX10660029
IL	00078A1875	GSM5260777	SAMN18835896	SRX10660030
IL	00078A18CF	GSM5260780	SAMN18835901	SRX10660033
IL	00078A18F7	GSM5260781	SAMN18835900	SRX10660034
IL	00078A192C	GSM5260783	SAMN18835898	SRX10660036
IL	00078A1937	GSM5260784	SAMN18835863	SRX10660053
IL	00078A1942	GSM5260786	SAMN18835861	SRX10660055
IL	00078A194B	GSM5260787	SAMN18835860	SRX10660056
IL	00078A1979	GSM5260788	SAMN18835859	SRX10660057
IL	00078A19B5	GSM5260790	SAMN18835857	SRX10660059
IL	00078A1A2B	GSM5260795	SAMN18835808	SRX10660064
IL	00078A22DF	GSM5260798	SAMN18835805	SRX10660067
IL	00078A22EB	GSM5260799	SAMN18835804	SRX10660068
IL	00078A2595	GSM5260803	SAMN18835800	SRX10660072
IL	00078A17A8	NA	NA	NA
IL	00078A2411	NA	NA	NA
LHb	00077E67B5	GSM5260806	SAMN18836232	SRX10660112
LHb	00077E76C6	GSM5260807	SAMN18836231	SRX10660113
LHb	00077E8336	GSM5260809	SAMN18836229	SRX10660115
LHb	00077EA7E6	GSM5260810	SAMN18836228	SRX10660116
LHb	000789FF7D	GSM5260812	SAMN18836226	SRX10660118
LHb	00078A0041	GSM5260820	SAMN18836248	SRX10660126
LHb	00078A0138	GSM5260826	SAMN18835977	SRX10660132
LHb	00078A0189	GSM5260829	SAMN18835974	SRX10660135
LHb	00078A01C0	GSM5260831	SAMN18835972	SRX10660137
LHb	00078A0224	GSM5260837	SAMN18835966	SRX10660143
LHb	00078A02CB	GSM5260842	SAMN18836115	SRX10660148
LHb	00078A0A43	GSM5260848	SAMN18836143	SRX10660154
LHb	00078A17A7	GSM5260857	SAMN18836199	SRX10660163
LHb	00078A1905	GSM5260870	SAMN18836067	SRX10660176
LHb	00078A193E	GSM5260873	SAMN18836064	SRX10660092
LHb	00078A19A7	GSM5260877	SAMN18836096	SRX10660096
LHb	00078A19C0	GSM5260880	SAMN18836093	SRX10660099
LHb	00078A1B05	GSM5260884	SAMN18836089	SRX10660103
LHb	00078A1F34	GSM5260885	SAMN18836088	SRX10660104
LHb	00078A2315	GSM5260888	SAMN18836085	SRX10660107
LHb	00078A2463	GSM5260889	SAMN18836084	SRX10660108
LHb	00078A261F	GSM5260892	SAMN18836113	SRX10660111
LHb	000789FFF9	GSM5260818	SAMN18836251	SRX10660124
LHb	000789FFF0	GSM5260816	SAMN18836222	SRX10660122
LHb	00078A002C	GSM5260819	SAMN18836250	SRX10660125
LHb	00078A00AC	GSM5260823	SAMN18835980	SRX10660129
LHb	00078A00BF	GSM5260824	SAMN18835979	SRX10660130
LHb	00078A0139	GSM5260827	SAMN18835976	SRX10660133
LHb	00078A01DB	GSM5260833	SAMN18835970	SRX10660139
LHb	00078A1707	GSM5260852	SAMN18836204	SRX10660158
LHb	00078A1837	GSM5260862	SAMN18836194	SRX10660168
LHb	00078A189F	GSM5260866	SAMN18836218	SRX10660172
LHb	00078A19D6	GSM5260881	SAMN18836092	SRX10660100
LHb	00078A1A16	GSM5260882	SAMN18836091	SRX10660101
LHb	000789FF6E	GSM5260811	SAMN18836227	SRX10660117
LHb	000789FF94	GSM5260813	SAMN18836225	SRX10660119
LHb	000789FFAC	GSM5260814	SAMN18836224	SRX10660120
LHb	000789FFD3	GSM5260815	SAMN18836223	SRX10660121
LHb	000789FFF8	GSM5260817	SAMN18836221	SRX10660123
LHb	00078A0058	GSM5260821	SAMN18836247	SRX10660127
LHb	00078A0085	GSM5260822	SAMN18835981	SRX10660128
LHb	00078A0127	GSM5260825	SAMN18835978	SRX10660131
LHb	00078A0166	GSM5260828	SAMN18835975	SRX10660134
LHb	00078A01A6	GSM5260830	SAMN18835973	SRX10660136
LHb	00078A01D8	GSM5260832	SAMN18835971	SRX10660138
LHb	00078A01FE	GSM5260834	SAMN18835969	SRX10660140
LHb	00078A0215	GSM5260835	SAMN18835968	SRX10660141
LHb	00078A021A	GSM5260836	SAMN18835967	SRX10660142
LHb	00078A022D	GSM5260838	SAMN18835998	SRX10660144
LHb	00078A0255	GSM5260841	SAMN18836116	SRX10660147
LHb	00078A02DF	GSM5260843	SAMN18836148	SRX10660149
LHb	00078A07A2	GSM5260844	SAMN18836147	SRX10660150
LHb	00078A087B	GSM5260845	SAMN18836146	SRX10660151
LHb	00078A096C	GSM5260846	SAMN18836145	SRX10660152
LHb	00078A09B1	GSM5260847	SAMN18836144	SRX10660153
LHb	00078A0AEA	GSM5260849	SAMN18836142	SRX10660155
LHb	00078A16D3	GSM5260850	SAMN18836141	SRX10660156
LHb	00078A16DF	GSM5260851	SAMN18836140	SRX10660157
LHb	00078A1731	GSM5260853	SAMN18836203	SRX10660159
LHb	00078A1732	GSM5260854	SAMN18836202	SRX10660160
LHb	00078A1772	GSM5260855	SAMN18836201	SRX10660161
LHb	00078A179C	GSM5260856	SAMN18836200	SRX10660162
LHb	00078A17F7	GSM5260858	SAMN18836198	SRX10660164
LHb	00078A1807	GSM5260859	SAMN18836197	SRX10660165
LHb	00078A181B	GSM5260861	SAMN18836195	SRX10660167
LHb	00078A1863	GSM5260863	SAMN18836193	SRX10660169
LHb	00078A186C	GSM5260864	SAMN18836220	SRX10660170
LHb	00078A1875	GSM5260865	SAMN18836219	SRX10660171
LHb	00078A18CF	GSM5260868	SAMN18836216	SRX10660174
LHb	00078A18F7	GSM5260869	SAMN18836215	SRX10660175
LHb	00078A192C	GSM5260871	SAMN18836066	SRX10660177
LHb	00078A1937	GSM5260872	SAMN18836065	SRX10660091
LHb	00078A1942	GSM5260874	SAMN18836063	SRX10660093
LHb	00078A194B	GSM5260875	SAMN18836062	SRX10660094
LHb	00078A1979	GSM5260876	SAMN18836097	SRX10660095
LHb	00078A19B5	GSM5260878	SAMN18836095	SRX10660097
LHb	00078A1A2B	GSM5260883	SAMN18836090	SRX10660102
LHb	00078A22DF	GSM5260886	SAMN18836087	SRX10660105
LHb	00078A22EB	GSM5260887	SAMN18836086	SRX10660106
LHb	00078A2496	GSM5260890	SAMN18836083	SRX10660109
LHb	00078A2595	GSM5260891	SAMN18836114	SRX10660110
LHb	00078A17A8	NA	NA	NA
Liver	56269-4	NA	NA	NA
Liver	56272-3	NA	NA	NA
Liver	56275-4	NA	NA	NA
Liver	57215-3	NA	NA	NA
Liver	57241-4	NA	NA	NA
Liver	57241-5	NA	NA	NA
Liver	57604-6	NA	NA	NA
Liver	57810-3	NA	NA	NA
Liver	57909-4	NA	NA	NA
Liver	57914-3	NA	NA	NA
Liver	58041-6	NA	NA	NA
Liver	58095-3	NA	NA	NA
Liver	58096-4	NA	NA	NA
Liver	58096-6	NA	NA	NA
Liver	58105-4	NA	NA	NA
Liver	58125-3	NA	NA	NA
Liver	58125-4	NA	NA	NA
Liver	58293-3	NA	NA	NA
Liver	58293-4	NA	NA	NA
Liver	58294-4	NA	NA	NA
Liver	58295-4	NA	NA	NA
Liver	58301-3	NA	NA	NA
Liver	58301-4	NA	NA	NA
Liver	58337-3	NA	NA	NA
Liver	58342-3	NA	NA	NA
Liver	58343-4	NA	NA	NA
Liver	58564-4	NA	NA	NA
Liver	58566-3	NA	NA	NA
Liver	58572-4	NA	NA	NA
Liver	58765-4	NA	NA	NA
Liver	58769-3	NA	NA	NA
Liver	58771-4	NA	NA	NA
Liver	58774-4	NA	NA	NA
Liver	58779-3	NA	NA	NA
Liver	58779-4	NA	NA	NA
Liver	59104-4	NA	NA	NA
Liver	59108-3	NA	NA	NA
Liver	59114-3	NA	NA	NA
Liver	59114-4	NA	NA	NA
Liver	60213-3	NA	NA	NA
Liver	60214-3	NA	NA	NA
Liver	60214-5	NA	NA	NA
Liver	60444-3	NA	NA	NA
Liver	60444-5	NA	NA	NA
Liver	60445-3	NA	NA	NA
Liver	60641-3	NA	NA	NA
Liver	60644-4	NA	NA	NA
Liver	60650-3	NA	NA	NA
Liver	61038-4	NA	NA	NA
Liver	61038-5	NA	NA	NA
Liver	61040-5	NA	NA	NA
Liver	61158-4	NA	NA	NA
Liver	61160-3	NA	NA	NA
Liver	61160-4	NA	NA	NA
Liver	61163-4	NA	NA	NA
Liver	61172-3	NA	NA	NA
Liver	61357-4	NA	NA	NA
Liver	61638-4	NA	NA	NA
Liver	61638-5	NA	NA	NA
Liver	61638-6	NA	NA	NA
Liver	61641-3	NA	NA	NA
Liver	61643-5	NA	NA	NA
Liver	61644-4	NA	NA	NA
Liver	61645-3	NA	NA	NA
Liver	61646-3	NA	NA	NA
Liver	61646-4	NA	NA	NA
Liver	61821-6	NA	NA	NA
Liver	62044-5	NA	NA	NA
Liver	62046-4	NA	NA	NA
Liver	62288-3	NA	NA	NA
Liver	62289-4	NA	NA	NA
Liver	62296-3	NA	NA	NA
Liver	62298-4	NA	NA	NA
Liver	62302-4	NA	NA	NA
Liver	62309-3	NA	NA	NA
Liver	62310-4	NA	NA	NA
Liver	62312-4	NA	NA	NA
Liver	62315-4	NA	NA	NA
Liver	62316-4	NA	NA	NA
Liver	62317-4	NA	NA	NA
Liver	62318-4	NA	NA	NA
Liver	62321-3	NA	NA	NA
Liver	62322-4	NA	NA	NA
Liver	62322-6	NA	NA	NA
Liver	62323-3	NA	NA	NA
Liver	62324-6	NA	NA	NA
Liver	62329-4	NA	NA	NA
Liver	62334-4	NA	NA	NA
Liver	62335-3	NA	NA	NA
Liver	62335-4	NA	NA	NA
Liver	62338-3	NA	NA	NA
Liver	62339-3	NA	NA	NA
Liver	62339-4	NA	NA	NA
Liver	62343-4	NA	NA	NA
Liver	62347-5	NA	NA	NA
Liver	62347-6	NA	NA	NA
Liver	62349-3	NA	NA	NA
Liver	62352-4	NA	NA	NA
Liver	62360-5	NA	NA	NA
Liver	62372-3	NA	NA	NA
Liver	62378-3	NA	NA	NA
Liver	62378-4	NA	NA	NA
Liver	62380-4	NA	NA	NA
Liver	62381-5	NA	NA	NA
Liver	62381-6	NA	NA	NA
Liver	62397-4	NA	NA	NA
Liver	62407-6	NA	NA	NA
Liver	62408-3	NA	NA	NA
Liver	62411-4	NA	NA	NA
Liver	62414-5	NA	NA	NA
Liver	62414-6	NA	NA	NA
Liver	62415-3	NA	NA	NA
Liver	62418-3	NA	NA	NA
Liver	62420-3	NA	NA	NA
Liver	62422-3	NA	NA	NA
Liver	62422-4	NA	NA	NA
Liver	62425-4	NA	NA	NA
Liver	62426-3	NA	NA	NA
Liver	62432-3	NA	NA	NA
Liver	62436-3	NA	NA	NA
Liver	62437-4	NA	NA	NA
Liver	62438-3	NA	NA	NA
Liver	62438-5	NA	NA	NA
Liver	62443-4	NA	NA	NA
Liver	62449-3	NA	NA	NA
Liver	62471-3	NA	NA	NA
Liver	62485-4	NA	NA	NA
Liver	62495-3	NA	NA	NA
Liver	62496-4	NA	NA	NA
Liver	62497-4	NA	NA	NA
Liver	62506-4	NA	NA	NA
Liver	62507-3	NA	NA	NA
Liver	62507-4	NA	NA	NA
Liver	62511-3	NA	NA	NA
Liver	62514-4	NA	NA	NA
Liver	62516-4	NA	NA	NA
Liver	62561-3	NA	NA	NA
Liver	62561-4	NA	NA	NA
Liver	62562-5	NA	NA	NA
Liver	62562-6	NA	NA	NA
Liver	62594-3	NA	NA	NA
Liver	62594-6	NA	NA	NA
Liver	62595-3	NA	NA	NA
Liver	62596-3	NA	NA	NA
Liver	62597-4	NA	NA	NA
Liver	62608-4	NA	NA	NA
Liver	62608-5	NA	NA	NA
Liver	62608-6	NA	NA	NA
Liver	62611-3	NA	NA	NA
Liver	62612-4	NA	NA	NA
Liver	62613-3	NA	NA	NA
Liver	62615-3	NA	NA	NA
Liver	62618-4	NA	NA	NA
Liver	62631-3	NA	NA	NA
Liver	62633-3	NA	NA	NA
Liver	62633-4	NA	NA	NA
Liver	62635-4	NA	NA	NA
Liver	62636-4	NA	NA	NA
Liver	62641-4	NA	NA	NA
Liver	62642-4	NA	NA	NA
Liver	62647-3	NA	NA	NA
Liver	62649-3	NA	NA	NA
Liver	62651-4	NA	NA	NA
Liver	62652-3	NA	NA	NA
Liver	62652-4	NA	NA	NA
Liver	62653-3	NA	NA	NA
Liver	62653-4	NA	NA	NA
Liver	62655-3	NA	NA	NA
Liver	62658-3	NA	NA	NA
Liver	62661-4	NA	NA	NA
Liver	62663-4	NA	NA	NA
Liver	62667-4	NA	NA	NA
Liver	62669-3	NA	NA	NA
Liver	62669-5	NA	NA	NA
Liver	62675-4	NA	NA	NA
Liver	62677-3	NA	NA	NA
Liver	62678-4	NA	NA	NA
Liver	62678-6	NA	NA	NA
Liver	62679-3	NA	NA	NA
Liver	62680-3	NA	NA	NA
Liver	62683-4	NA	NA	NA
Liver	62684-3	NA	NA	NA
Liver	62684-4	NA	NA	NA
Liver	62685-3	NA	NA	NA
Liver	62686-4	NA	NA	NA
Liver	62692-3	NA	NA	NA
Liver	62695-4	NA	NA	NA
Liver	62700-3	NA	NA	NA
Liver	62718-4	NA	NA	NA
Liver	62720-3	NA	NA	NA
Liver	62724-3	NA	NA	NA
Liver	62725-3	NA	NA	NA
Liver	62728-3	NA	NA	NA
Liver	62728-4	NA	NA	NA
Liver	62732-3	NA	NA	NA
Liver	62733-5	NA	NA	NA
Liver	62734-4	NA	NA	NA
Liver	62762-4	NA	NA	NA
Liver	62763-3	NA	NA	NA
Liver	62765-4	NA	NA	NA
Liver	62769-3	NA	NA	NA
Liver	62769-6	NA	NA	NA
Liver	62785-4	NA	NA	NA
Liver	62789-4	NA	NA	NA
Liver	62792-4	NA	NA	NA
Liver	62797-3	NA	NA	NA
Liver	62798-3	NA	NA	NA
Liver	62799-4	NA	NA	NA
Liver	62800-3	NA	NA	NA
Liver	62818-6	NA	NA	NA
Liver	62819-4	NA	NA	NA
Liver	62854-4	NA	NA	NA
Liver	62857-4	NA	NA	NA
Liver	62864-4	NA	NA	NA
Liver	62868-3	NA	NA	NA
Liver	62872-4	NA	NA	NA
Liver	62873-5	NA	NA	NA
Liver	62875-3	NA	NA	NA
Liver	62882-4	NA	NA	NA
Liver	62884-3	NA	NA	NA
Liver	62886-3	NA	NA	NA
Liver	62887-3	NA	NA	NA
Liver	62888-3	NA	NA	NA
Liver	62892-3	NA	NA	NA
Liver	62892-4	NA	NA	NA
Liver	62896-3	NA	NA	NA
Liver	62897-4	NA	NA	NA
Liver	62900-3	NA	NA	NA
Liver	62901-3	NA	NA	NA
Liver	62901-4	NA	NA	NA
Liver	62901-5	NA	NA	NA
Liver	62910-4	NA	NA	NA
Liver	62911-3	NA	NA	NA
Liver	62911-4	NA	NA	NA
Liver	62912-4	NA	NA	NA
Liver	62913-6	NA	NA	NA
Liver	62920-5	NA	NA	NA
Liver	62922-4	NA	NA	NA
Liver	62934-3	NA	NA	NA
Liver	62936-4	NA	NA	NA
Liver	62938-3	NA	NA	NA
Liver	62943-3	NA	NA	NA
Liver	62943-4	NA	NA	NA
Liver	62961-3	NA	NA	NA
Liver	62966-3	NA	NA	NA
Liver	62968-3	NA	NA	NA
Liver	62975-3	NA	NA	NA
Liver	62978-6	NA	NA	NA
Liver	62980-3	NA	NA	NA
Liver	62988-6	NA	NA	NA
Liver	62995-4	NA	NA	NA
Liver	62996-3	NA	NA	NA
Liver	62996-4	NA	NA	NA
Liver	63000-3	NA	NA	NA
Liver	63000-4	NA	NA	NA
Liver	63002-4	NA	NA	NA
Liver	63006-4	NA	NA	NA
Liver	63008-4	NA	NA	NA
Liver	63008-5	NA	NA	NA
Liver	63014-4	NA	NA	NA
Liver	63016-4	NA	NA	NA
Liver	63032-3	NA	NA	NA
Liver	63032-4	NA	NA	NA
Liver	63032-5	NA	NA	NA
Liver	63056-3	NA	NA	NA
Liver	63906-4	NA	NA	NA
Liver	63910-4	NA	NA	NA
Liver	63912-3	NA	NA	NA
Liver	63912-4	NA	NA	NA
Liver	63913-4	NA	NA	NA
Liver	63939-3	NA	NA	NA
Liver	63939-4	NA	NA	NA
Liver	63940-3	NA	NA	NA
Liver	63940-4	NA	NA	NA
Liver	63941-3	NA	NA	NA
Liver	63941-4	NA	NA	NA
Liver	63942-3	NA	NA	NA
Liver	63942-4	NA	NA	NA
Liver	63942-5	NA	NA	NA
Liver	63944-3	NA	NA	NA
Liver	63944-5	NA	NA	NA
Liver	63947-3	NA	NA	NA
Liver	63947-4	NA	NA	NA
Liver	63948-3	NA	NA	NA
Liver	63948-4	NA	NA	NA
Liver	63949-3	NA	NA	NA
Liver	63952-3	NA	NA	NA
Liver	63952-4	NA	NA	NA
Liver	63953-3	NA	NA	NA
Liver	63956-4	NA	NA	NA
Liver	63956-5	NA	NA	NA
Liver	63959-3	NA	NA	NA
Liver	63959-4	NA	NA	NA
Liver	63961-3	NA	NA	NA
Liver	63961-4	NA	NA	NA
Liver	63966-3	NA	NA	NA
Liver	63966-4	NA	NA	NA
Liver	63968-4	NA	NA	NA
Liver	63972-3	NA	NA	NA
Liver	63972-5	NA	NA	NA
Liver	63974-4	NA	NA	NA
Liver	63984-3	NA	NA	NA
Liver	63984-4	NA	NA	NA
Liver	63990-4	NA	NA	NA
Liver	63991-3	NA	NA	NA
Liver	63997-3	NA	NA	NA
Liver	64000-3	NA	NA	NA
Liver	64000-4	NA	NA	NA
Liver	64001-3	NA	NA	NA
Liver	64003-3	NA	NA	NA
Liver	64003-4	NA	NA	NA
Liver	64003-5	NA	NA	NA
Liver	64009-3	NA	NA	NA
Liver	64011-3	NA	NA	NA
Liver	64016-4	NA	NA	NA
Liver	64016-6	NA	NA	NA
Liver	64023-4	NA	NA	NA
Liver	64024-3	NA	NA	NA
Liver	64024-4	NA	NA	NA
Liver	64027-3	NA	NA	NA
Liver	64027-4	NA	NA	NA
Liver	64034-3	NA	NA	NA
Liver	64038-3	NA	NA	NA
Liver	64038-4	NA	NA	NA
Liver	64039-3	NA	NA	NA
Liver	64043-3	NA	NA	NA
Liver	64045-3	NA	NA	NA
Liver	64045-4	NA	NA	NA
Liver	64057-4	NA	NA	NA
Liver	64060-3	NA	NA	NA
Liver	64070-4	NA	NA	NA
Liver	64104-3	NA	NA	NA
Liver	64105-3	NA	NA	NA
Liver	64105-4	NA	NA	NA
Liver	64106-5	NA	NA	NA
Liver	64108-3	NA	NA	NA
Liver	64109-3	NA	NA	NA
Liver	64109-4	NA	NA	NA
Liver	64110-3	NA	NA	NA
Liver	64111-3	NA	NA	NA
Liver	64112-3	NA	NA	NA
Liver	64113-3	NA	NA	NA
Liver	64113-4	NA	NA	NA
Liver	64116-4	NA	NA	NA
Liver	64119-3	NA	NA	NA
Liver	64131-4	NA	NA	NA
Liver	64134-3	NA	NA	NA
Liver	64134-5	NA	NA	NA
Liver	64134-6	NA	NA	NA
Liver	64142-4	NA	NA	NA
Liver	64146-3	NA	NA	NA
Liver	64146-4	NA	NA	NA
Liver	64148-3	NA	NA	NA
Liver	64148-4	NA	NA	NA
Liver	64149-3	NA	NA	NA
Liver	64152-4	NA	NA	NA
Liver	64154-4	NA	NA	NA
Liver	64159-3	NA	NA	NA
Liver	64159-4	NA	NA	NA
Liver	64160-2	NA	NA	NA
Liver	64162-3	NA	NA	NA
Liver	64162-4	NA	NA	NA
Liver	64164-3	NA	NA	NA
Liver	64166-4	NA	NA	NA
Liver	64167-3	NA	NA	NA
Liver	64168-4	NA	NA	NA
Liver	64170-3	NA	NA	NA
Liver	64170-4	NA	NA	NA
Liver	64171-3	NA	NA	NA
Liver	64177-4	NA	NA	NA
Liver	64180-3	NA	NA	NA
Liver	64183-3	NA	NA	NA
Liver	64185-4	NA	NA	NA
Liver	64186-4	NA	NA	NA
Liver	64194-3	NA	NA	NA
Liver	64199-4	NA	NA	NA
Liver	64199-5	NA	NA	NA
Liver	64205-3	NA	NA	NA
Liver	64213-3	NA	NA	NA
Liver	64226-4	NA	NA	NA
Liver	64227-3	NA	NA	NA
Liver	64230-4	NA	NA	NA
Liver	64230-5	NA	NA	NA
Liver	64231-3	NA	NA	NA
Liver	64231-4	NA	NA	NA
Liver	64235-3	NA	NA	NA
Liver	64235-5	NA	NA	NA
Liver	64238-3	NA	NA	NA
Liver	64238-4	NA	NA	NA
Liver	64240-3	NA	NA	NA
Liver	64240-4	NA	NA	NA
Liver	64244-4	NA	NA	NA
Liver	64246-4	NA	NA	NA
Liver	64246-5	NA	NA	NA
Liver	64247-3	NA	NA	NA
Liver	64248-3	NA	NA	NA
Liver	64249-4	NA	NA	NA
Liver	64251-3	NA	NA	NA
Liver	64257-4	NA	NA	NA
Liver	64262-4	NA	NA	NA
Liver	64267-3	NA	NA	NA
Liver	64293-3	NA	NA	NA
Liver	64294-4	NA	NA	NA
Liver	64295-4	NA	NA	NA
Liver	64297-3	NA	NA	NA
Liver	64297-5	NA	NA	NA
Liver	64297-6	NA	NA	NA
Liver	64299-4	NA	NA	NA
Liver	64304-1	NA	NA	NA
Liver	64305-5	NA	NA	NA
Liver	64305-6	NA	NA	NA
NAcc1	00077E67B5	GSM5260632	SAMN18835782	SRX10659949
NAcc1	00077E8336	GSM5260634	SAMN18835780	SRX10659971
NAcc1	00077EA7E6	GSM5260635	SAMN18835779	SRX10659972
NAcc1	000789FF7D	GSM5260637	SAMN18835777	SRX10659974
NAcc1	00078A0041	GSM5260645	SAMN18835827	SRX10659982
NAcc1	00078A0138	GSM5260651	SAMN18835925	SRX10659988
NAcc1	00078A0189	GSM5260654	SAMN18835922	SRX10659991
NAcc1	00078A01C0	GSM5260656	SAMN18835920	SRX10659993
NAcc1	00078A02CB	GSM5260667	SAMN18835909	SRX10659918
NAcc1	00078A17A7	GSM5260682	SAMN18835769	SRX10659933
NAcc1	00078A1905	GSM5260695	SAMN18835793	SRX10659946
NAcc1	00078A193E	GSM5260698	SAMN18835790	SRX10659951
NAcc1	00078A19A7	GSM5260702	SAMN18835786	SRX10659955
NAcc1	00078A19B7	GSM5260704	SAMN18835784	SRX10659957
NAcc1	00078A19C0	GSM5260705	SAMN18835783	SRX10659958
NAcc1	00078A1F34	GSM5260709	SAMN18835812	SRX10659962
NAcc1	00078A2315	GSM5260712	SAMN18835932	SRX10659965
NAcc1	00078A2463	GSM5260713	SAMN18835931	SRX10659966
NAcc1	00078A261F	GSM5260716	SAMN18835928	SRX10659969
NAcc1	000789FFF0	GSM5260641	SAMN18835831	SRX10659978
NAcc1	000789FFF9	GSM5260643	SAMN18835829	SRX10659980
NAcc1	00078A00BF	GSM5260649	SAMN18835832	SRX10659986
NAcc1	00078A0139	GSM5260652	SAMN18835924	SRX10659989
NAcc1	00078A01DB	GSM5260658	SAMN18835918	SRX10659995
NAcc1	00078A0244	GSM5260664	SAMN18835912	SRX10660001
NAcc1	00078A0246	GSM5260665	SAMN18835911	SRX10660002
NAcc1	00078A1707	GSM5260677	SAMN18835937	SRX10659928
NAcc1	00078A1816	GSM5260685	SAMN18835766	SRX10659936
NAcc1	00078A1837	GSM5260687	SAMN18835764	SRX10659938
NAcc1	00078A189F	GSM5260691	SAMN18835797	SRX10659942
NAcc1	00078A1A16	GSM5260706	SAMN18835815	SRX10659959
NAcc1	000789FF6E	GSM5260636	SAMN18835778	SRX10659973
NAcc1	000789FF94	GSM5260638	SAMN18835776	SRX10659975
NAcc1	000789FFAC	GSM5260639	SAMN18835775	SRX10659976
NAcc1	000789FFD3	GSM5260640	SAMN18835774	SRX10659977
NAcc1	00078A0058	GSM5260646	SAMN18835773	SRX10659983
NAcc1	00078A0085	GSM5260647	SAMN18835772	SRX10659984
NAcc1	00078A0127	GSM5260650	SAMN18835926	SRX10659987
NAcc1	00078A0166	GSM5260653	SAMN18835923	SRX10659990
NAcc1	00078A01A6	GSM5260655	SAMN18835921	SRX10659992
NAcc1	00078A01D8	GSM5260657	SAMN18835919	SRX10659994
NAcc1	00078A01FE	GSM5260659	SAMN18835917	SRX10659996
NAcc1	00078A0215	GSM5260660	SAMN18835916	SRX10659997
NAcc1	00078A021A	GSM5260661	SAMN18835915	SRX10659998
NAcc1	00078A022D	GSM5260663	SAMN18835913	SRX10660000
NAcc1	00078A0255	GSM5260666	SAMN18835910	SRX10659917
NAcc1	00078A02DF	GSM5260668	SAMN18835908	SRX10659919
NAcc1	00078A087B	GSM5260670	SAMN18835906	SRX10659921
NAcc1	00078A096C	GSM5260671	SAMN18835943	SRX10659922
NAcc1	00078A09B1	GSM5260672	SAMN18835942	SRX10659923
NAcc1	00078A0AEA	GSM5260674	SAMN18835940	SRX10659925
NAcc1	00078A16D3	GSM5260675	SAMN18835939	SRX10659926
NAcc1	00078A16DF	GSM5260676	SAMN18835938	SRX10659927
NAcc1	00078A1731	GSM5260678	SAMN18835936	SRX10659929
NAcc1	00078A1732	GSM5260679	SAMN18835935	SRX10659930
NAcc1	00078A1772	GSM5260680	SAMN18835771	SRX10659931
NAcc1	00078A179C	GSM5260681	SAMN18835770	SRX10659932
NAcc1	00078A17F7	GSM5260683	SAMN18835768	SRX10659934
NAcc1	00078A1807	GSM5260684	SAMN18835767	SRX10659935
NAcc1	00078A181B	GSM5260686	SAMN18835765	SRX10659937
NAcc1	00078A186C	GSM5260689	SAMN18835762	SRX10659940
NAcc1	00078A1875	GSM5260690	SAMN18835798	SRX10659941
NAcc1	00078A18CF	GSM5260693	SAMN18835795	SRX10659944
NAcc1	00078A18F7	GSM5260694	SAMN18835794	SRX10659945
NAcc1	00078A192C	GSM5260696	SAMN18835792	SRX10659947
NAcc1	00078A1937	GSM5260697	SAMN18835791	SRX10659948
NAcc1	00078A1942	GSM5260699	SAMN18835789	SRX10659952
NAcc1	00078A194B	GSM5260700	SAMN18835788	SRX10659953
NAcc1	00078A1979	GSM5260701	SAMN18835787	SRX10659954
NAcc1	00078A19B5	GSM5260703	SAMN18835785	SRX10659956
NAcc1	00078A1A2B	GSM5260707	SAMN18835814	SRX10659960
NAcc1	00078A22DF	GSM5260710	SAMN18835934	SRX10659963
NAcc1	00078A22EB	GSM5260711	SAMN18835933	SRX10659964
NAcc1	00078A2496	GSM5260714	SAMN18835930	SRX10659967
NAcc1	00078A2595	GSM5260715	SAMN18835929	SRX10659968
NAcc1	00078A17A8	NA	NA	NA
NAcc1	000789FFF8	GSM5260642	SAMN18835830	SRX10659979
NAcc2	933000320045751	NA	NA	NA
NAcc2	933000320045756	NA	NA	NA
NAcc2	933000320045757	NA	NA	NA
NAcc2	933000320045759	NA	NA	NA
NAcc2	933000320045760	NA	NA	NA
NAcc2	933000320045761	NA	NA	NA
NAcc2	933000320045768	NA	NA	NA
NAcc2	933000320045769	NA	NA	NA
NAcc2	933000320045803	NA	NA	NA
NAcc2	933000320045804	NA	NA	NA
NAcc2	933000320045812	NA	NA	NA
NAcc2	933000320045821	NA	NA	NA
NAcc2	933000320045822	NA	NA	NA
NAcc2	933000320046027	NA	NA	NA
NAcc2	933000320046034	NA	NA	NA
NAcc2	933000320046038	NA	NA	NA
NAcc2	933000320046041	NA	NA	NA
NAcc2	933000320046045	NA	NA	NA
NAcc2	933000320046046	NA	NA	NA
NAcc2	933000320046047	NA	NA	NA
NAcc2	933000320046048	NA	NA	NA
NAcc2	933000320046050	NA	NA	NA
NAcc2	933000320046326	NA	NA	NA
NAcc2	933000320046327	NA	NA	NA
NAcc2	933000320046329	NA	NA	NA
NAcc2	933000320046330	NA	NA	NA
NAcc2	933000320046331	NA	NA	NA
NAcc2	933000320046332	NA	NA	NA
NAcc2	933000320046333	NA	NA	NA
NAcc2	933000320046334	NA	NA	NA
NAcc2	933000320046335	NA	NA	NA
NAcc2	933000320046337	NA	NA	NA
NAcc2	933000320046338	NA	NA	NA
NAcc2	933000320046339	NA	NA	NA
NAcc2	933000320046340	NA	NA	NA
NAcc2	933000320046341	NA	NA	NA
NAcc2	933000320046342	NA	NA	NA
NAcc2	933000320046343	NA	NA	NA
NAcc2	933000320046344	NA	NA	NA
NAcc2	933000320046346	NA	NA	NA
NAcc2	933000320046347	NA	NA	NA
NAcc2	933000320046348	NA	NA	NA
NAcc2	933000320046349	NA	NA	NA
NAcc2	933000320046351	NA	NA	NA
NAcc2	933000320046353	NA	NA	NA
NAcc2	933000320046355	NA	NA	NA
NAcc2	933000320046356	NA	NA	NA
NAcc2	933000320046359	NA	NA	NA
NAcc2	933000320046360	NA	NA	NA
NAcc2	933000320046361	NA	NA	NA
NAcc2	933000320046362	NA	NA	NA
NAcc2	933000320046368	NA	NA	NA
NAcc2	933000320046369	NA	NA	NA
NAcc2	933000320046370	NA	NA	NA
NAcc2	933000320046478	NA	NA	NA
NAcc2	933000320046481	NA	NA	NA
NAcc2	933000320046483	NA	NA	NA
NAcc2	933000320046484	NA	NA	NA
NAcc2	933000320046485	NA	NA	NA
NAcc2	933000320046486	NA	NA	NA
NAcc2	933000320046488	NA	NA	NA
NAcc2	933000320046490	NA	NA	NA
NAcc2	933000320046493	NA	NA	NA
NAcc2	933000320046494	NA	NA	NA
NAcc2	933000320046495	NA	NA	NA
NAcc2	933000320046496	NA	NA	NA
NAcc2	933000320046497	NA	NA	NA
NAcc2	933000320046498	NA	NA	NA
NAcc2	933000320046500	NA	NA	NA
NAcc2	933000320046553	NA	NA	NA
NAcc2	933000320046555	NA	NA	NA
NAcc2	933000320046561	NA	NA	NA
NAcc2	933000320046564	NA	NA	NA
NAcc2	933000320046569	NA	NA	NA
NAcc2	933000320046571	NA	NA	NA
NAcc2	933000320046572	NA	NA	NA
NAcc2	933000320046573	NA	NA	NA
NAcc2	933000320046575	NA	NA	NA
NAcc2	933000320046752	NA	NA	NA
NAcc2	933000320046753	NA	NA	NA
NAcc2	933000320046756	NA	NA	NA
NAcc2	933000320046757	NA	NA	NA
NAcc2	933000320046758	NA	NA	NA
NAcc2	933000320046759	NA	NA	NA
NAcc2	933000320046760	NA	NA	NA
NAcc2	933000320046761	NA	NA	NA
NAcc2	933000320046762	NA	NA	NA
NAcc2	933000320046763	NA	NA	NA
NAcc2	933000320046764	NA	NA	NA
NAcc2	933000320046766	NA	NA	NA
NAcc2	933000320046767	NA	NA	NA
NAcc2	933000320046768	NA	NA	NA
NAcc2	933000320046770	NA	NA	NA
NAcc2	933000320046772	NA	NA	NA
NAcc2	933000320046774	NA	NA	NA
NAcc2	933000320046775	NA	NA	NA
NAcc2	933000320045766	NA	NA	NA
NAcc2	933000320045772	NA	NA	NA
NAcc2	933000320045877	NA	NA	NA
NAcc2	933000320045878	NA	NA	NA
NAcc2	933000320045880	NA	NA	NA
NAcc2	933000320045881	NA	NA	NA
NAcc2	933000320045882	NA	NA	NA
NAcc2	933000320045883	NA	NA	NA
NAcc2	933000320045884	NA	NA	NA
NAcc2	933000320045885	NA	NA	NA
NAcc2	933000320045886	NA	NA	NA
NAcc2	933000320045887	NA	NA	NA
NAcc2	933000320045888	NA	NA	NA
NAcc2	933000320045889	NA	NA	NA
NAcc2	933000320045891	NA	NA	NA
NAcc2	933000320045892	NA	NA	NA
NAcc2	933000320045893	NA	NA	NA
NAcc2	933000320045894	NA	NA	NA
NAcc2	933000320045895	NA	NA	NA
NAcc2	933000320045896	NA	NA	NA
NAcc2	933000320045897	NA	NA	NA
NAcc2	933000320045898	NA	NA	NA
NAcc2	933000320045899	NA	NA	NA
NAcc2	933000320045900	NA	NA	NA
NAcc2	933000320045901	NA	NA	NA
NAcc2	933000320045907	NA	NA	NA
NAcc2	933000320045910	NA	NA	NA
NAcc2	933000320045911	NA	NA	NA
NAcc2	933000320045912	NA	NA	NA
NAcc2	933000320045915	NA	NA	NA
NAcc2	933000320045918	NA	NA	NA
NAcc2	933000320045920	NA	NA	NA
NAcc2	933000320045921	NA	NA	NA
NAcc2	933000320045924	NA	NA	NA
NAcc2	933000320045925	NA	NA	NA
NAcc2	933000320046032	NA	NA	NA
NAcc2	933000320046037	NA	NA	NA
NAcc2	933000320046051	NA	NA	NA
NAcc2	933000320046052	NA	NA	NA
NAcc2	933000320046053	NA	NA	NA
NAcc2	933000320046055	NA	NA	NA
NAcc2	933000320046056	NA	NA	NA
NAcc2	933000320046057	NA	NA	NA
NAcc2	933000320046059	NA	NA	NA
NAcc2	933000320046062	NA	NA	NA
NAcc2	933000320046063	NA	NA	NA
NAcc2	933000320046064	NA	NA	NA
NAcc2	933000320046065	NA	NA	NA
NAcc2	933000320046067	NA	NA	NA
NAcc2	933000320046068	NA	NA	NA
NAcc2	933000320046069	NA	NA	NA
NAcc2	933000320046070	NA	NA	NA
NAcc2	933000320046071	NA	NA	NA
NAcc2	933000320046072	NA	NA	NA
NAcc2	933000320046073	NA	NA	NA
NAcc2	933000320046074	NA	NA	NA
NAcc2	933000320046075	NA	NA	NA
NAcc2	933000320046179	NA	NA	NA
NAcc2	933000320046181	NA	NA	NA
NAcc2	933000320046182	NA	NA	NA
NAcc2	933000320046184	NA	NA	NA
NAcc2	933000320046188	NA	NA	NA
NAcc2	933000320046190	NA	NA	NA
NAcc2	933000320046196	NA	NA	NA
NAcc2	933000320046251	NA	NA	NA
NAcc2	933000320046252	NA	NA	NA
NAcc2	933000320046253	NA	NA	NA
NAcc2	933000320046254	NA	NA	NA
NAcc2	933000320046255	NA	NA	NA
NAcc2	933000320046256	NA	NA	NA
NAcc2	933000320046257	NA	NA	NA
NAcc2	933000320046258	NA	NA	NA
NAcc2	933000320046259	NA	NA	NA
NAcc2	933000320046260	NA	NA	NA
NAcc2	933000320046261	NA	NA	NA
NAcc2	933000320046262	NA	NA	NA
NAcc2	933000320046263	NA	NA	NA
NAcc2	933000320046264	NA	NA	NA
NAcc2	933000320046265	NA	NA	NA
NAcc2	933000320046266	NA	NA	NA
NAcc2	933000320046267	NA	NA	NA
NAcc2	933000320046268	NA	NA	NA
NAcc2	933000320046269	NA	NA	NA
NAcc2	933000320046270	NA	NA	NA
NAcc2	933000320046271	NA	NA	NA
NAcc2	933000320046274	NA	NA	NA
NAcc2	933000320046275	NA	NA	NA
NAcc2	933000320046276	NA	NA	NA
NAcc2	933000320046282	NA	NA	NA
NAcc2	933000320046367	NA	NA	NA
NAcc2	933000320046373	NA	NA	NA
NAcc2	933000320046479	NA	NA	NA
NAcc2	933000320046492	NA	NA	NA
NAcc2	933000320046769	NA	NA	NA
NAcc2	933000320046771	NA	NA	NA
NAcc3	77493_3	NA	NA	NA
NAcc3	933000320048351	NA	NA	NA
NAcc3	933000320048356	NA	NA	NA
NAcc3	933000320048404	NA	NA	NA
NAcc3	933000320048422	NA	NA	NA
NAcc3	933000320048512	NA	NA	NA
NAcc3	933000320048551	NA	NA	NA
NAcc3	933000320048552	NA	NA	NA
NAcc3	933000320048554	NA	NA	NA
NAcc3	933000320048555	NA	NA	NA
NAcc3	933000320048556	NA	NA	NA
NAcc3	933000320048557	NA	NA	NA
NAcc3	933000320048559	NA	NA	NA
NAcc3	933000320048563	NA	NA	NA
NAcc3	933000320048565	NA	NA	NA
NAcc3	933000320048567	NA	NA	NA
NAcc3	933000320048570	NA	NA	NA
NAcc3	933000320048571	NA	NA	NA
NAcc3	933000320048572	NA	NA	NA
NAcc3	933000320048573	NA	NA	NA
NAcc3	933000320048574	NA	NA	NA
NAcc3	933000320048575	NA	NA	NA
NAcc3	933000320048635	NA	NA	NA
NAcc3	933000320048639	NA	NA	NA
NAcc3	933000320048711	NA	NA	NA
NAcc3	933000320048725	NA	NA	NA
NAcc3	933000320048823	NA	NA	NA
NAcc3	933000320048826	NA	NA	NA
NAcc3	933000320048829	NA	NA	NA
NAcc3	933000320048831	NA	NA	NA
NAcc3	933000320048835	NA	NA	NA
NAcc3	933000320048840	NA	NA	NA
NAcc3	933000320048856	NA	NA	NA
NAcc3	933000320048860	NA	NA	NA
NAcc3	933000320048862	NA	NA	NA
NAcc3	933000320048867	NA	NA	NA
NAcc3	933000320048876	NA	NA	NA
NAcc3	933000320048883	NA	NA	NA
NAcc3	933000320048893	NA	NA	NA
NAcc3	933000320048896	NA	NA	NA
NAcc3	933000320049029	NA	NA	NA
NAcc3	933000320049036	NA	NA	NA
NAcc3	933000320049037	NA	NA	NA
NAcc3	933000320049038	NA	NA	NA
NAcc3	933000320049047	NA	NA	NA
NAcc3	933000320049056	NA	NA	NA
NAcc3	933000320049063	NA	NA	NA
NAcc3	933000320049066	NA	NA	NA
NAcc3	933000320049067	NA	NA	NA
NAcc3	933000320049068	NA	NA	NA
NAcc3	933000320049070	NA	NA	NA
NAcc3	933000320049074	NA	NA	NA
NAcc3	933000320049075	NA	NA	NA
NAcc3	933000320049079	NA	NA	NA
NAcc3	933000320049082	NA	NA	NA
NAcc3	933000320049084	NA	NA	NA
NAcc3	933000320049086	NA	NA	NA
NAcc3	933000320049093	NA	NA	NA
NAcc3	933000320049096	NA	NA	NA
NAcc3	933000320049126	NA	NA	NA
NAcc3	933000320049149	NA	NA	NA
NAcc3	933000320187462	NA	NA	NA
NAcc3	933000320187463	NA	NA	NA
NAcc3	933000320187471	NA	NA	NA
NAcc3	933000320187858	NA	NA	NA
NAcc3	933000320187870	NA	NA	NA
NAcc3	933000320187872	NA	NA	NA
NAcc3	933000320187873	NA	NA	NA
NAcc3	AA1DCD67CE	NA	NA	NA
NAcc3	AA1DCD6806	NA	NA	NA
NAcc3	E21DCD3600	NA	NA	NA
NAcc3	E21DCD3603	NA	NA	NA
NAcc3	E21DCD360D	NA	NA	NA
NAcc3	E21DCD3610	NA	NA	NA
NAcc3	E21DCD3616	NA	NA	NA
NAcc3	E21DCD362D	NA	NA	NA
NAcc3	E21DCD362F	NA	NA	NA
NAcc3	E21DCD3635	NA	NA	NA
NAcc3	E21DCD3639	NA	NA	NA
NAcc3	E21DCD363A	NA	NA	NA
NAcc3	E21DCD3640	NA	NA	NA
NAcc3	E21DCD3644	NA	NA	NA
NAcc3	E21DCD364A	NA	NA	NA
NAcc3	E21DCD364D	NA	NA	NA
NAcc3	E21DCD3655	NA	NA	NA
NAcc3	E21DCD3656	NA	NA	NA
NAcc3	E21DCD365B	NA	NA	NA
NAcc3	E21DCD365F	NA	NA	NA
NAcc3	E21DCD3664	NA	NA	NA
NAcc3	E21DCD366B	NA	NA	NA
NAcc3	E21DCD3671	NA	NA	NA
NAcc3	E21DCD3672	NA	NA	NA
NAcc3	E21DCD3678	NA	NA	NA
NAcc3	E21DCD367A	NA	NA	NA
NAcc3	E21DCD367E	NA	NA	NA
NAcc3	E21DCD3681	NA	NA	NA
NAcc3	E21DCD368C	NA	NA	NA
NAcc3	E21DCD3694	NA	NA	NA
NAcc3	E21DCD36AD	NA	NA	NA
NAcc3	E21DCD36AE	NA	NA	NA
NAcc3	E21DCD36B0	NA	NA	NA
NAcc3	E21DCD36BA	NA	NA	NA
NAcc3	E21DCD36D2	NA	NA	NA
NAcc3	E21DCD36D7	NA	NA	NA
NAcc3	E21DCD36DB	NA	NA	NA
NAcc3	E21DCD36DF	NA	NA	NA
NAcc3	E21DCD36E0	NA	NA	NA
NAcc3	E21DCD36E6	NA	NA	NA
NAcc3	E21DCD36EF	NA	NA	NA
NAcc3	E21DCD3703	NA	NA	NA
NAcc3	E21DCD3704	NA	NA	NA
NAcc3	E21DCD3706	NA	NA	NA
NAcc3	E21DCD3708	NA	NA	NA
NAcc3	E21DCD370D	NA	NA	NA
NAcc3	E21DCD370F	NA	NA	NA
NAcc3	E21DCD3713	NA	NA	NA
NAcc3	E21DCD371E	NA	NA	NA
NAcc3	E21DCD3725	NA	NA	NA
NAcc3	E21DCD3728	NA	NA	NA
NAcc3	E21DCD372A	NA	NA	NA
NAcc3	E21DCD3735	NA	NA	NA
NAcc3	E21DCD3737	NA	NA	NA
NAcc3	E21DCD3739	NA	NA	NA
NAcc3	E21DCD3745	NA	NA	NA
NAcc3	E21DCD3753	NA	NA	NA
NAcc3	E21DCD3754	NA	NA	NA
NAcc3	E21DCD3757	NA	NA	NA
NAcc3	E21DCD375A	NA	NA	NA
NAcc3	E21DCD375C	NA	NA	NA
NAcc3	E21DCD375F	NA	NA	NA
NAcc3	E21DCD3766	NA	NA	NA
NAcc3	E21DCD376B	NA	NA	NA
NAcc3	E21DCD377B	NA	NA	NA
NAcc3	E21DCD377D	NA	NA	NA
NAcc3	E21DCD3780	NA	NA	NA
NAcc3	E21DCD3781	NA	NA	NA
NAcc3	E21DCD3788	NA	NA	NA
NAcc3	E21DCD3790	NA	NA	NA
NAcc3	E21DCD3791	NA	NA	NA
NAcc3	E21DCD37A1	NA	NA	NA
NAcc3	E21DCD37A6	NA	NA	NA
NAcc3	E21DCD37B0	NA	NA	NA
NAcc3	E21DCD37B2	NA	NA	NA
NAcc3	E21DCD37B9	NA	NA	NA
NAcc3	E21DCD37BB	NA	NA	NA
NAcc3	E21DCD37BD	NA	NA	NA
NAcc3	E21DCD37BE	NA	NA	NA
NAcc3	E21DCD37BF	NA	NA	NA
NAcc3	E21DCD37CD	NA	NA	NA
NAcc3	E21DCD37CF	NA	NA	NA
NAcc3	E21DCD37D4	NA	NA	NA
NAcc3	E21DCD37D8	NA	NA	NA
NAcc3	E21DCD37DA	NA	NA	NA
NAcc3	E21DCD37DE	NA	NA	NA
NAcc3	E21DCD37E1	NA	NA	NA
NAcc3	E21DCD37E3	NA	NA	NA
NAcc3	E21DCD37E6	NA	NA	NA
NAcc3	E21DCD37ED	NA	NA	NA
NAcc3	E21DCD37F1	NA	NA	NA
NAcc4	81996_4	NA	NA	NA
NAcc4	AA1DCD69B0	NA	NA	NA
NAcc4	AA1DCD69B8	NA	NA	NA
NAcc4	AA1DCD69BA	NA	NA	NA
NAcc4	AA1DCD69BF	NA	NA	NA
NAcc4	AA1DCD69C0	NA	NA	NA
NAcc4	AA1DCD69C4	NA	NA	NA
NAcc4	AA1DCD69C5	NA	NA	NA
NAcc4	AA1DCD69C8	NA	NA	NA
NAcc4	AA1DCD69CA	NA	NA	NA
NAcc4	AA1DCD69CC	NA	NA	NA
NAcc4	AA1DCD69D0	NA	NA	NA
NAcc4	AA1DCD69D1	NA	NA	NA
NAcc4	AA1DCD69D3	NA	NA	NA
NAcc4	AA1DCD69DA	NA	NA	NA
NAcc4	AA1DCD69DC	NA	NA	NA
NAcc4	AA1DCD69DD	NA	NA	NA
NAcc4	AA1DCD69DE	NA	NA	NA
NAcc4	AA1DCD69E1	NA	NA	NA
NAcc4	AA1DCD69EC	NA	NA	NA
NAcc4	AA1DCD69EF	NA	NA	NA
NAcc4	AA1DCD69F1	NA	NA	NA
NAcc4	AA1DCD69F6	NA	NA	NA
NAcc4	AA1DCD6A09	NA	NA	NA
NAcc4	AA1DCD6A0B	NA	NA	NA
NAcc4	AA1DCD6A0D	NA	NA	NA
NAcc4	AA1DCD6A0E	NA	NA	NA
NAcc4	AA1DCD6A10	NA	NA	NA
NAcc4	AA1DCD6A11	NA	NA	NA
NAcc4	AA1DCD6A14	NA	NA	NA
NAcc4	AA1DCD6A15	NA	NA	NA
NAcc4	AA1DCD6A16	NA	NA	NA
NAcc4	AA1DCD6A17	NA	NA	NA
NAcc4	AA1DCD6A18	NA	NA	NA
NAcc4	AA1DCD6A19	NA	NA	NA
NAcc4	AA1DCD6A1A	NA	NA	NA
NAcc4	AA1DCD6A1C	NA	NA	NA
NAcc4	AA1DCD6A1D	NA	NA	NA
NAcc4	AA1DCD6A1F	NA	NA	NA
NAcc4	AA1DCD6A20	NA	NA	NA
NAcc4	AA1DCD6A21	NA	NA	NA
NAcc4	AA1DCD6A24	NA	NA	NA
NAcc4	AA1DCD6A27	NA	NA	NA
NAcc4	AA1DCD6A2C	NA	NA	NA
NAcc4	AA1DCD6A32	NA	NA	NA
NAcc4	AA1DCD6A36	NA	NA	NA
NAcc4	AA1DCD6A37	NA	NA	NA
NAcc4	AA1DCD6A38	NA	NA	NA
NAcc4	AA1DCD6A3B	NA	NA	NA
NAcc4	AA1DCD6A3C	NA	NA	NA
NAcc4	AA1DCD6A3D	NA	NA	NA
NAcc4	AA1DCD6A3F	NA	NA	NA
NAcc4	AA1DCD6A40	NA	NA	NA
NAcc4	AA1DCD6A46	NA	NA	NA
NAcc4	AA1DCD6A49	NA	NA	NA
NAcc4	AA1DCD6A4A	NA	NA	NA
NAcc4	AA1DCD6A4D	NA	NA	NA
NAcc4	AA1DCD6A4E	NA	NA	NA
NAcc4	AA1DCD6A50	NA	NA	NA
NAcc4	AA1DCD6A52	NA	NA	NA
NAcc4	AA1DCD6A53	NA	NA	NA
NAcc4	AA1DCD6A57	NA	NA	NA
NAcc4	AA1DCD6A58	NA	NA	NA
NAcc4	AA1DCD6A59	NA	NA	NA
NAcc4	AA1DCD6A5B	NA	NA	NA
NAcc4	AA1DCD6A5C	NA	NA	NA
NAcc4	AA1DCD6A62	NA	NA	NA
NAcc4	AA1DCD6A66	NA	NA	NA
NAcc4	AA1DCD6A6B	NA	NA	NA
NAcc4	AA1DCD6A6C	NA	NA	NA
NAcc4	AA1DCD6A70	NA	NA	NA
NAcc4	AA1DCD6A73	NA	NA	NA
NAcc4	AA1DCD6A74	NA	NA	NA
NAcc4	AA1DCD6A75	NA	NA	NA
NAcc4	AA1DCD6C6D	NA	NA	NA
NAcc4	AA1DCD6C6E	NA	NA	NA
NAcc4	AA1DCD6C6F	NA	NA	NA
NAcc4	AA1DCD6C70	NA	NA	NA
NAcc4	AA1DCD6C71	NA	NA	NA
NAcc4	AA1DCD6C72	NA	NA	NA
NAcc4	AA1DCD6C74	NA	NA	NA
NAcc4	AA1DCD6C75	NA	NA	NA
NAcc4	AA1DCD6C78	NA	NA	NA
NAcc4	AA1DCD6C79	NA	NA	NA
NAcc4	AA1DCD6C7C	NA	NA	NA
NAcc4	AA1DCD6C7D	NA	NA	NA
NAcc4	AA1DCD6C82	NA	NA	NA
NAcc4	AA1DCD6C83	NA	NA	NA
NAcc4	AA1DCD6C84	NA	NA	NA
NAcc4	AA1DCD6C86	NA	NA	NA
NAcc4	AA1DCD6C87	NA	NA	NA
NAcc4	AA1DCD6C88	NA	NA	NA
NAcc4	AA1DCD6C89	NA	NA	NA
NAcc4	AA1DCD6C8A	NA	NA	NA
NAcc4	AA1DCD6C8D	NA	NA	NA
NAcc4	AA1DCD6C8E	NA	NA	NA
NAcc4	AA1DCD6C8F	NA	NA	NA
NAcc4	AA1DCD6C90	NA	NA	NA
NAcc4	AA1DCD6C91	NA	NA	NA
NAcc4	AA1DCD6C92	NA	NA	NA
NAcc4	AA1DCD6C93	NA	NA	NA
NAcc4	AA1DCD6C95	NA	NA	NA
NAcc4	AA1DCD6C97	NA	NA	NA
NAcc4	AA1DCD6C99	NA	NA	NA
NAcc4	AA1DCD6C9A	NA	NA	NA
NAcc4	AA1DCD6C9C	NA	NA	NA
NAcc4	AA1DCD6C9D	NA	NA	NA
NAcc4	AA1DCD6C9F	NA	NA	NA
NAcc4	AA1DCD6CA0	NA	NA	NA
NAcc4	AA1DCD6CA1	NA	NA	NA
NAcc4	AA1DCD6CA2	NA	NA	NA
NAcc4	AA1DCD6CA5	NA	NA	NA
NAcc4	AA1DCD6CA6	NA	NA	NA
NAcc4	AA1DCD6CA9	NA	NA	NA
NAcc4	AA1DCD6CAA	NA	NA	NA
NAcc4	AA1DCD6CAD	NA	NA	NA
NAcc4	AA1DCD6CB0	NA	NA	NA
NAcc4	AA1DCD6CB2	NA	NA	NA
NAcc4	AA1DCD6CB4	NA	NA	NA
NAcc4	AA1DCD6CB5	NA	NA	NA
NAcc4	AA1DCD6CB6	NA	NA	NA
NAcc4	AA1DCD6CB7	NA	NA	NA
NAcc4	AA1DCD6CBD	NA	NA	NA
NAcc4	AA1DCD6CBE	NA	NA	NA
NAcc4	AA1DCD6CBF	NA	NA	NA
NAcc4	AA1DCD6CC0	NA	NA	NA
NAcc4	AA1DCD6CC1	NA	NA	NA
NAcc4	AA1DCD6CC2	NA	NA	NA
NAcc4	AA1DCD6CC3	NA	NA	NA
NAcc4	AA1DCD6CC4	NA	NA	NA
NAcc4	AA1DCD6CC5	NA	NA	NA
NAcc4	AA1DCD6CC9	NA	NA	NA
NAcc4	AA1DCD6CCB	NA	NA	NA
NAcc4	AA1DCD6CCC	NA	NA	NA
NAcc4	AA1DCD6CD4	NA	NA	NA
NAcc4	AA1DCD6CE1	NA	NA	NA
NAcc4	AA1DCD6CE8	NA	NA	NA
NAcc4	AA1DCD6CEE	NA	NA	NA
NAcc4	AA1DCD6D05	NA	NA	NA
NAcc4	AA1DCD6D06	NA	NA	NA
NAcc4	AA1DCD6D19	NA	NA	NA
NAcc4	AA1DCD6D2E	NA	NA	NA
NAcc4	AA1DCD6D33	NA	NA	NA
OFC	00077E67B5	GSM5260979	SAMN18836024	SRX10660570
OFC	00077E8336	GSM5260982	SAMN18836044	SRX10660485
OFC	00077EA7E6	GSM5260983	SAMN18836043	SRX10660486
OFC	000789FF7D	GSM5260985	SAMN18836041	SRX10660488
OFC	00078A0041	GSM5260993	SAMN18836210	SRX10660496
OFC	00078A0138	GSM5260999	SAMN18836236	SRX10660502
OFC	00078A0189	GSM5261002	SAMN18836233	SRX10660505
OFC	00078A01C0	GSM5261004	SAMN18836276	SRX10660507
OFC	00078A0224	GSM5261010	SAMN18836271	SRX10660513
OFC	00078A02CB	GSM5261015	SAMN18836241	SRX10660518
OFC	00078A0A43	GSM5261021	SAMN18836266	SRX10660524
OFC	00078A17A7	GSM5261030	SAMN18836257	SRX10660533
OFC	00078A1905	GSM5261043	SAMN18836051	SRX10660546
OFC	00078A19A7	GSM5261050	SAMN18836082	SRX10660553
OFC	00078A19B7	GSM5261052	SAMN18836080	SRX10660555
OFC	00078A19C0	GSM5261053	SAMN18836079	SRX10660556
OFC	00078A1B05	GSM5261057	SAMN18836075	SRX10660560
OFC	00078A1F34	GSM5261058	SAMN18836074	SRX10660561
OFC	00078A2315	GSM5261061	SAMN18836071	SRX10660564
OFC	00078A2463	GSM5261062	SAMN18836069	SRX10660565
OFC	00078A261F	GSM5261065	SAMN18836244	SRX10660568
OFC	00077E76FE	GSM5260981	SAMN18836022	SRX10660484
OFC	000789FFF0	GSM5260989	SAMN18836214	SRX10660492
OFC	000789FFF9	GSM5260991	SAMN18836212	SRX10660494
OFC	00078A00AC	GSM5260996	SAMN18836207	SRX10660499
OFC	00078A0139	GSM5261000	SAMN18836235	SRX10660503
OFC	00078A01DB	GSM5261006	SAMN18836275	SRX10660509
OFC	00078A0244	GSM5261012	SAMN18836268	SRX10660515
OFC	00078A1707	GSM5261025	SAMN18836262	SRX10660528
OFC	00078A1816	GSM5261033	SAMN18836254	SRX10660536
OFC	00078A1837	GSM5261035	SAMN18836037	SRX10660538
OFC	00078A189F	GSM5261039	SAMN18836059	SRX10660542
OFC	00078A19D6	GSM5261054	SAMN18836078	SRX10660557
OFC	00078A1A16	GSM5261055	SAMN18836077	SRX10660558
OFC	000789FF6E	GSM5260984	SAMN18836042	SRX10660487
OFC	000789FF94	GSM5260986	SAMN18836040	SRX10660489
OFC	000789FFAC	GSM5260987	SAMN18836039	SRX10660490
OFC	000789FFD3	GSM5260988	SAMN18836038	SRX10660491
OFC	000789FFF8	GSM5260990	SAMN18836213	SRX10660493
OFC	00078A0058	GSM5260994	SAMN18836209	SRX10660497
OFC	00078A0085	GSM5260995	SAMN18836208	SRX10660498
OFC	00078A0127	GSM5260998	SAMN18836205	SRX10660501
OFC	00078A0166	GSM5261001	SAMN18836234	SRX10660504
OFC	00078A01A6	GSM5261003	SAMN18836252	SRX10660506
OFC	00078A01D8	GSM5261005	SAMN18836270	SRX10660508
OFC	00078A01FE	GSM5261007	SAMN18836274	SRX10660510
OFC	00078A0215	GSM5261008	SAMN18836273	SRX10660511
OFC	00078A021A	GSM5261009	SAMN18836272	SRX10660512
OFC	00078A022D	GSM5261011	SAMN18836269	SRX10660514
OFC	00078A0255	GSM5261014	SAMN18836242	SRX10660517
OFC	00078A02DF	GSM5261016	SAMN18836240	SRX10660519
OFC	00078A07A2	GSM5261017	SAMN18836239	SRX10660520
OFC	00078A087B	GSM5261018	SAMN18836238	SRX10660521
OFC	00078A09B1	GSM5261020	SAMN18836267	SRX10660523
OFC	00078A0AEA	GSM5261022	SAMN18836265	SRX10660525
OFC	00078A16D3	GSM5261023	SAMN18836264	SRX10660526
OFC	00078A16DF	GSM5261024	SAMN18836263	SRX10660527
OFC	00078A1731	GSM5261026	SAMN18836261	SRX10660529
OFC	00078A1732	GSM5261027	SAMN18836260	SRX10660530
OFC	00078A1772	GSM5261028	SAMN18836259	SRX10660531
OFC	00078A179C	GSM5261029	SAMN18836258	SRX10660532
OFC	00078A17F7	GSM5261031	SAMN18836256	SRX10660534
OFC	00078A1807	GSM5261032	SAMN18836255	SRX10660535
OFC	00078A181B	GSM5261034	SAMN18836253	SRX10660537
OFC	00078A1863	GSM5261036	SAMN18836036	SRX10660539
OFC	00078A186C	GSM5261037	SAMN18836061	SRX10660540
OFC	00078A1875	GSM5261038	SAMN18836060	SRX10660541
OFC	00078A18CF	GSM5261041	SAMN18836053	SRX10660544
OFC	00078A18F7	GSM5261042	SAMN18836052	SRX10660545
OFC	00078A192C	GSM5261044	SAMN18836050	SRX10660547
OFC	00078A1937	GSM5261045	SAMN18836049	SRX10660548
OFC	00078A1942	GSM5261047	SAMN18836047	SRX10660550
OFC	00078A194B	GSM5261048	SAMN18836046	SRX10660551
OFC	00078A1979	GSM5261049	SAMN18836045	SRX10660552
OFC	00078A19B5	GSM5261051	SAMN18836081	SRX10660554
OFC	00078A1A2B	GSM5261056	SAMN18836076	SRX10660559
OFC	00078A22DF	GSM5261059	SAMN18836073	SRX10660562
OFC	00078A22EB	GSM5261060	SAMN18836072	SRX10660563
OFC	00078A2496	GSM5261063	SAMN18836068	SRX10660566
OFC	00078A2595	GSM5261064	SAMN18836245	SRX10660567
OFC	00078A17A8	NA	NA	NA
OFC	00078A2411	NA	NA	NA
PL1	00077E67B5	GSM5260893	SAMN18836112	SRX10660482
PL1	00077E8336	GSM5260896	SAMN18836109	SRX10660399
PL1	00077EA7E6	GSM5260897	SAMN18836108	SRX10660400
PL1	000789FF7D	GSM5260899	SAMN18836106	SRX10660402
PL1	00078A0041	GSM5260907	SAMN18836098	SRX10660410
PL1	00078A0138	GSM5260913	SAMN18836134	SRX10660416
PL1	00078A0189	GSM5260916	SAMN18836131	SRX10660419
PL1	00078A01C0	GSM5260918	SAMN18836129	SRX10660421
PL1	00078A0224	GSM5260924	SAMN18836123	SRX10660427
PL1	00078A02CB	GSM5260928	SAMN18835995	SRX10660431
PL1	00078A0A43	GSM5260934	SAMN18835992	SRX10660437
PL1	00078A193E	GSM5260958	SAMN18836021	SRX10660461
PL1	00078A19A7	GSM5260962	SAMN18836017	SRX10660465
PL1	00078A19B7	GSM5260964	SAMN18836015	SRX10660467
PL1	00078A19C0	GSM5260965	SAMN18836014	SRX10660468
PL1	00078A1B05	GSM5260969	SAMN18836034	SRX10660472
PL1	00078A1F34	GSM5260970	SAMN18836033	SRX10660473
PL1	00078A2315	GSM5260973	SAMN18836030	SRX10660476
PL1	00078A2463	GSM5260974	SAMN18836029	SRX10660477
PL1	00078A261F	GSM5260977	SAMN18836026	SRX10660480
PL1	00077E76FE	GSM5260895	SAMN18836110	SRX10660398
PL1	000789FFF0	GSM5260903	SAMN18836102	SRX10660406
PL1	000789FFF9	GSM5260905	SAMN18836100	SRX10660408
PL1	00078A002C	GSM5260906	SAMN18836099	SRX10660409
PL1	00078A00AC	GSM5260910	SAMN18836137	SRX10660413
PL1	00078A00BF	GSM5260911	SAMN18836136	SRX10660414
PL1	00078A0139	GSM5260914	SAMN18836133	SRX10660417
PL1	00078A01DB	GSM5260920	SAMN18836127	SRX10660423
PL1	00078A0246	GSM5260926	SAMN18836118	SRX10660429
PL1	00078A1707	GSM5260938	SAMN18835988	SRX10660441
PL1	00078A1816	GSM5260946	SAMN18836010	SRX10660449
PL1	00078A1837	GSM5260948	SAMN18836008	SRX10660451
PL1	00078A19D6	GSM5260966	SAMN18836013	SRX10660469
PL1	00078A1A16	GSM5260967	SAMN18836012	SRX10660470
PL1	000789FF6E	GSM5260898	SAMN18836107	SRX10660401
PL1	000789FF94	GSM5260900	SAMN18836105	SRX10660403
PL1	000789FFD3	GSM5260902	SAMN18836103	SRX10660405
PL1	000789FFF8	GSM5260904	SAMN18836101	SRX10660407
PL1	00078A0058	GSM5260908	SAMN18836139	SRX10660411
PL1	00078A0085	GSM5260909	SAMN18836138	SRX10660412
PL1	00078A0127	GSM5260912	SAMN18836135	SRX10660415
PL1	00078A0166	GSM5260915	SAMN18836132	SRX10660418
PL1	00078A01A6	GSM5260917	SAMN18836130	SRX10660420
PL1	00078A01D8	GSM5260919	SAMN18836128	SRX10660422
PL1	00078A01FE	GSM5260921	SAMN18836126	SRX10660424
PL1	00078A0215	GSM5260922	SAMN18836125	SRX10660425
PL1	00078A021A	GSM5260923	SAMN18836124	SRX10660426
PL1	00078A022D	GSM5260925	SAMN18836119	SRX10660428
PL1	00078A0255	GSM5260927	SAMN18835996	SRX10660430
PL1	00078A02DF	GSM5260929	SAMN18835994	SRX10660432
PL1	00078A07A2	GSM5260930	SAMN18836122	SRX10660433
PL1	00078A087B	GSM5260931	SAMN18836121	SRX10660434
PL1	00078A096C	GSM5260932	SAMN18836120	SRX10660435
PL1	00078A09B1	GSM5260933	SAMN18835993	SRX10660436
PL1	00078A0AEA	GSM5260935	SAMN18835991	SRX10660438
PL1	00078A16D3	GSM5260936	SAMN18835990	SRX10660439
PL1	00078A16DF	GSM5260937	SAMN18835989	SRX10660440
PL1	00078A1731	GSM5260939	SAMN18835987	SRX10660442
PL1	00078A1732	GSM5260940	SAMN18835986	SRX10660443
PL1	00078A1772	GSM5260941	SAMN18835985	SRX10660444
PL1	00078A179C	GSM5260942	SAMN18835984	SRX10660445
PL1	00078A17F7	GSM5260944	SAMN18835982	SRX10660447
PL1	00078A1807	GSM5260945	SAMN18836011	SRX10660448
PL1	00078A181B	GSM5260947	SAMN18836009	SRX10660450
PL1	00078A1863	GSM5260949	SAMN18836007	SRX10660452
PL1	00078A186C	GSM5260950	SAMN18836006	SRX10660453
PL1	00078A1875	GSM5260951	SAMN18836005	SRX10660454
PL1	00078A18CF	GSM5260953	SAMN18836003	SRX10660456
PL1	00078A18F7	GSM5260954	SAMN18836002	SRX10660457
PL1	00078A192C	GSM5260956	SAMN18836000	SRX10660459
PL1	00078A1937	GSM5260957	SAMN18835999	SRX10660460
PL1	00078A1942	GSM5260959	SAMN18836020	SRX10660462
PL1	00078A194B	GSM5260960	SAMN18836019	SRX10660463
PL1	00078A1979	GSM5260961	SAMN18836018	SRX10660464
PL1	00078A19B5	GSM5260963	SAMN18836016	SRX10660466
PL1	00078A1A2B	GSM5260968	SAMN18836035	SRX10660471
PL1	00078A22DF	GSM5260971	SAMN18836032	SRX10660474
PL1	00078A22EB	GSM5260972	SAMN18836031	SRX10660475
PL1	00078A2496	GSM5260975	SAMN18836028	SRX10660478
PL1	00078A2595	GSM5260976	SAMN18836027	SRX10660479
PL1	00078A17A8	NA	NA	NA
PL1	00078A2411	NA	NA	NA
PL2	933000320045751	NA	NA	NA
PL2	933000320045756	NA	NA	NA
PL2	933000320045757	NA	NA	NA
PL2	933000320045759	NA	NA	NA
PL2	933000320045760	NA	NA	NA
PL2	933000320045761	NA	NA	NA
PL2	933000320045766	NA	NA	NA
PL2	933000320045768	NA	NA	NA
PL2	933000320045769	NA	NA	NA
PL2	933000320045772	NA	NA	NA
PL2	933000320045803	NA	NA	NA
PL2	933000320045804	NA	NA	NA
PL2	933000320045812	NA	NA	NA
PL2	933000320045821	NA	NA	NA
PL2	933000320045822	NA	NA	NA
PL2	933000320045877	NA	NA	NA
PL2	933000320045878	NA	NA	NA
PL2	933000320045880	NA	NA	NA
PL2	933000320045881	NA	NA	NA
PL2	933000320045882	NA	NA	NA
PL2	933000320045883	NA	NA	NA
PL2	933000320045884	NA	NA	NA
PL2	933000320045885	NA	NA	NA
PL2	933000320045886	NA	NA	NA
PL2	933000320045887	NA	NA	NA
PL2	933000320045888	NA	NA	NA
PL2	933000320045889	NA	NA	NA
PL2	933000320045891	NA	NA	NA
PL2	933000320045892	NA	NA	NA
PL2	933000320045893	NA	NA	NA
PL2	933000320045894	NA	NA	NA
PL2	933000320045895	NA	NA	NA
PL2	933000320045896	NA	NA	NA
PL2	933000320045897	NA	NA	NA
PL2	933000320045898	NA	NA	NA
PL2	933000320045899	NA	NA	NA
PL2	933000320045900	NA	NA	NA
PL2	933000320045901	NA	NA	NA
PL2	933000320045910	NA	NA	NA
PL2	933000320045911	NA	NA	NA
PL2	933000320045912	NA	NA	NA
PL2	933000320045915	NA	NA	NA
PL2	933000320045918	NA	NA	NA
PL2	933000320045920	NA	NA	NA
PL2	933000320045921	NA	NA	NA
PL2	933000320045924	NA	NA	NA
PL2	933000320045925	NA	NA	NA
PL2	933000320046027	NA	NA	NA
PL2	933000320046032	NA	NA	NA
PL2	933000320046034	NA	NA	NA
PL2	933000320046037	NA	NA	NA
PL2	933000320046038	NA	NA	NA
PL2	933000320046041	NA	NA	NA
PL2	933000320046045	NA	NA	NA
PL2	933000320046046	NA	NA	NA
PL2	933000320046047	NA	NA	NA
PL2	933000320046048	NA	NA	NA
PL2	933000320046050	NA	NA	NA
PL2	933000320046051	NA	NA	NA
PL2	933000320046052	NA	NA	NA
PL2	933000320046053	NA	NA	NA
PL2	933000320046055	NA	NA	NA
PL2	933000320046056	NA	NA	NA
PL2	933000320046057	NA	NA	NA
PL2	933000320046058	NA	NA	NA
PL2	933000320046059	NA	NA	NA
PL2	933000320046062	NA	NA	NA
PL2	933000320046063	NA	NA	NA
PL2	933000320046064	NA	NA	NA
PL2	933000320046065	NA	NA	NA
PL2	933000320046067	NA	NA	NA
PL2	933000320046068	NA	NA	NA
PL2	933000320046069	NA	NA	NA
PL2	933000320046070	NA	NA	NA
PL2	933000320046071	NA	NA	NA
PL2	933000320046072	NA	NA	NA
PL2	933000320046073	NA	NA	NA
PL2	933000320046074	NA	NA	NA
PL2	933000320046075	NA	NA	NA
PL2	933000320046179	NA	NA	NA
PL2	933000320046181	NA	NA	NA
PL2	933000320046182	NA	NA	NA
PL2	933000320046184	NA	NA	NA
PL2	933000320046188	NA	NA	NA
PL2	933000320046190	NA	NA	NA
PL2	933000320046196	NA	NA	NA
PL2	933000320046251	NA	NA	NA
PL2	933000320046252	NA	NA	NA
PL2	933000320046253	NA	NA	NA
PL2	933000320046254	NA	NA	NA
PL2	933000320046255	NA	NA	NA
PL2	933000320046256	NA	NA	NA
PL2	933000320046257	NA	NA	NA
PL2	933000320046258	NA	NA	NA
PL2	933000320046259	NA	NA	NA
PL2	933000320046260	NA	NA	NA
PL2	933000320046261	NA	NA	NA
PL2	933000320046262	NA	NA	NA
PL2	933000320046263	NA	NA	NA
PL2	933000320046264	NA	NA	NA
PL2	933000320046265	NA	NA	NA
PL2	933000320046266	NA	NA	NA
PL2	933000320046267	NA	NA	NA
PL2	933000320046268	NA	NA	NA
PL2	933000320046269	NA	NA	NA
PL2	933000320046270	NA	NA	NA
PL2	933000320046271	NA	NA	NA
PL2	933000320046274	NA	NA	NA
PL2	933000320046275	NA	NA	NA
PL2	933000320046276	NA	NA	NA
PL2	933000320046282	NA	NA	NA
PL2	933000320046326	NA	NA	NA
PL2	933000320046327	NA	NA	NA
PL2	933000320046329	NA	NA	NA
PL2	933000320046330	NA	NA	NA
PL2	933000320046331	NA	NA	NA
PL2	933000320046332	NA	NA	NA
PL2	933000320046333	NA	NA	NA
PL2	933000320046334	NA	NA	NA
PL2	933000320046335	NA	NA	NA
PL2	933000320046337	NA	NA	NA
PL2	933000320046338	NA	NA	NA
PL2	933000320046339	NA	NA	NA
PL2	933000320046340	NA	NA	NA
PL2	933000320046341	NA	NA	NA
PL2	933000320046342	NA	NA	NA
PL2	933000320046343	NA	NA	NA
PL2	933000320046344	NA	NA	NA
PL2	933000320046346	NA	NA	NA
PL2	933000320046347	NA	NA	NA
PL2	933000320046348	NA	NA	NA
PL2	933000320046349	NA	NA	NA
PL2	933000320046351	NA	NA	NA
PL2	933000320046353	NA	NA	NA
PL2	933000320046355	NA	NA	NA
PL2	933000320046356	NA	NA	NA
PL2	933000320046359	NA	NA	NA
PL2	933000320046360	NA	NA	NA
PL2	933000320046361	NA	NA	NA
PL2	933000320046362	NA	NA	NA
PL2	933000320046367	NA	NA	NA
PL2	933000320046368	NA	NA	NA
PL2	933000320046369	NA	NA	NA
PL2	933000320046370	NA	NA	NA
PL2	933000320046373	NA	NA	NA
PL2	933000320046478	NA	NA	NA
PL2	933000320046479	NA	NA	NA
PL2	933000320046481	NA	NA	NA
PL2	933000320046482	NA	NA	NA
PL2	933000320046484	NA	NA	NA
PL2	933000320046485	NA	NA	NA
PL2	933000320046486	NA	NA	NA
PL2	933000320046488	NA	NA	NA
PL2	933000320046490	NA	NA	NA
PL2	933000320046492	NA	NA	NA
PL2	933000320046493	NA	NA	NA
PL2	933000320046494	NA	NA	NA
PL2	933000320046495	NA	NA	NA
PL2	933000320046496	NA	NA	NA
PL2	933000320046497	NA	NA	NA
PL2	933000320046498	NA	NA	NA
PL2	933000320046500	NA	NA	NA
PL2	933000320046553	NA	NA	NA
PL2	933000320046555	NA	NA	NA
PL2	933000320046561	NA	NA	NA
PL2	933000320046564	NA	NA	NA
PL2	933000320046569	NA	NA	NA
PL2	933000320046571	NA	NA	NA
PL2	933000320046572	NA	NA	NA
PL2	933000320046573	NA	NA	NA
PL2	933000320046575	NA	NA	NA
PL2	933000320046752	NA	NA	NA
PL2	933000320046753	NA	NA	NA
PL2	933000320046755	NA	NA	NA
PL2	933000320046756	NA	NA	NA
PL2	933000320046757	NA	NA	NA
PL2	933000320046758	NA	NA	NA
PL2	933000320046759	NA	NA	NA
PL2	933000320046760	NA	NA	NA
PL2	933000320046761	NA	NA	NA
PL2	933000320046762	NA	NA	NA
PL2	933000320046763	NA	NA	NA
PL2	933000320046764	NA	NA	NA
PL2	933000320046766	NA	NA	NA
PL2	933000320046767	NA	NA	NA
PL2	933000320046768	NA	NA	NA
PL2	933000320046769	NA	NA	NA
PL2	933000320046770	NA	NA	NA
PL2	933000320046771	NA	NA	NA
PL2	933000320046772	NA	NA	NA
PL2	933000320046774	NA	NA	NA
PL2	933000320046775	NA	NA	NA
PL3	933000320048351	NA	NA	NA
PL3	933000320048356	NA	NA	NA
PL3	933000320048418	NA	NA	NA
PL3	933000320048422	NA	NA	NA
PL3	933000320048512	NA	NA	NA
PL3	933000320048551	NA	NA	NA
PL3	933000320048552	NA	NA	NA
PL3	933000320048554	NA	NA	NA
PL3	933000320048555	NA	NA	NA
PL3	933000320048556	NA	NA	NA
PL3	933000320048557	NA	NA	NA
PL3	933000320048559	NA	NA	NA
PL3	933000320048563	NA	NA	NA
PL3	933000320048565	NA	NA	NA
PL3	933000320048567	NA	NA	NA
PL3	933000320048570	NA	NA	NA
PL3	933000320048571	NA	NA	NA
PL3	933000320048572	NA	NA	NA
PL3	933000320048573	NA	NA	NA
PL3	933000320048574	NA	NA	NA
PL3	933000320048575	NA	NA	NA
PL3	933000320048635	NA	NA	NA
PL3	933000320048639	NA	NA	NA
PL3	933000320048711	NA	NA	NA
PL3	933000320048725	NA	NA	NA
PL3	933000320048823	NA	NA	NA
PL3	933000320048826	NA	NA	NA
PL3	933000320048829	NA	NA	NA
PL3	933000320048831	NA	NA	NA
PL3	933000320048835	NA	NA	NA
PL3	933000320048840	NA	NA	NA
PL3	933000320048856	NA	NA	NA
PL3	933000320048860	NA	NA	NA
PL3	933000320048862	NA	NA	NA
PL3	933000320048867	NA	NA	NA
PL3	933000320048876	NA	NA	NA
PL3	933000320048883	NA	NA	NA
PL3	933000320048893	NA	NA	NA
PL3	933000320048896	NA	NA	NA
PL3	933000320049029	NA	NA	NA
PL3	933000320049036	NA	NA	NA
PL3	933000320049037	NA	NA	NA
PL3	933000320049038	NA	NA	NA
PL3	933000320049047	NA	NA	NA
PL3	933000320049056	NA	NA	NA
PL3	933000320049063	NA	NA	NA
PL3	933000320049066	NA	NA	NA
PL3	933000320049067	NA	NA	NA
PL3	933000320049068	NA	NA	NA
PL3	933000320049070	NA	NA	NA
PL3	933000320049074	NA	NA	NA
PL3	933000320049075	NA	NA	NA
PL3	933000320049079	NA	NA	NA
PL3	933000320049080	NA	NA	NA
PL3	933000320049082	NA	NA	NA
PL3	933000320049084	NA	NA	NA
PL3	933000320049086	NA	NA	NA
PL3	933000320049093	NA	NA	NA
PL3	933000320049096	NA	NA	NA
PL3	933000320049126	NA	NA	NA
PL3	933000320049149	NA	NA	NA
PL3	933000320187462	NA	NA	NA
PL3	933000320187463	NA	NA	NA
PL3	933000320187471	NA	NA	NA
PL3	933000320187858	NA	NA	NA
PL3	933000320187870	NA	NA	NA
PL3	933000320187872	NA	NA	NA
PL3	933000320187873	NA	NA	NA
PL3	E21DCD3600	NA	NA	NA
PL3	E21DCD3603	NA	NA	NA
PL3	E21DCD360D	NA	NA	NA
PL3	E21DCD3610	NA	NA	NA
PL3	E21DCD362D	NA	NA	NA
PL3	E21DCD362F	NA	NA	NA
PL3	E21DCD3639	NA	NA	NA
PL3	E21DCD363A	NA	NA	NA
PL3	E21DCD3640	NA	NA	NA
PL3	E21DCD3644	NA	NA	NA
PL3	E21DCD3655	NA	NA	NA
PL3	E21DCD3656	NA	NA	NA
PL3	E21DCD365B	NA	NA	NA
PL3	E21DCD3664	NA	NA	NA
PL3	E21DCD366B	NA	NA	NA
PL3	E21DCD3671	NA	NA	NA
PL3	E21DCD3672	NA	NA	NA
PL3	E21DCD3678	NA	NA	NA
PL3	E21DCD367A	NA	NA	NA
PL3	E21DCD368C	NA	NA	NA
PL3	E21DCD36A2	NA	NA	NA
PL3	E21DCD36B0	NA	NA	NA
PL3	E21DCD36BA	NA	NA	NA
PL3	E21DCD36D2	NA	NA	NA
PL3	E21DCD36D7	NA	NA	NA
PL3	E21DCD36DB	NA	NA	NA
PL3	E21DCD36DF	NA	NA	NA
PL3	E21DCD36E1	NA	NA	NA
PL3	E21DCD36E6	NA	NA	NA
PL3	E21DCD36EF	NA	NA	NA
PL3	E21DCD3704	NA	NA	NA
PL3	E21DCD3708	NA	NA	NA
PL3	E21DCD370D	NA	NA	NA
PL3	E21DCD371E	NA	NA	NA
PL3	E21DCD3725	NA	NA	NA
PL3	E21DCD3728	NA	NA	NA
PL3	E21DCD372A	NA	NA	NA
PL3	E21DCD3737	NA	NA	NA
PL3	E21DCD3739	NA	NA	NA
PL3	E21DCD3745	NA	NA	NA
PL3	E21DCD3753	NA	NA	NA
PL3	E21DCD375A	NA	NA	NA
PL3	E21DCD375C	NA	NA	NA
PL3	E21DCD375F	NA	NA	NA
PL3	E21DCD3766	NA	NA	NA
PL3	E21DCD377D	NA	NA	NA
PL3	E21DCD3780	NA	NA	NA
PL3	E21DCD3781	NA	NA	NA
PL3	E21DCD3790	NA	NA	NA
PL3	E21DCD37A1	NA	NA	NA
PL3	E21DCD37B2	NA	NA	NA
PL3	E21DCD37B9	NA	NA	NA
PL3	E21DCD37BB	NA	NA	NA
PL3	E21DCD37BE	NA	NA	NA
PL3	E21DCD37BF	NA	NA	NA
PL3	E21DCD37CD	NA	NA	NA
PL3	E21DCD37D8	NA	NA	NA
PL3	E21DCD37DE	NA	NA	NA
PL3	E21DCD37E1	NA	NA	NA
PL3	E21DCD37ED	NA	NA	NA
PL3	E21DCD37EF	NA	NA	NA
PL3	E21DCD37F1	NA	NA	NA
RMTg	933000120117316	NA	NA	NA
RMTg	933000120138374	NA	NA	NA
RMTg	933000120138468	NA	NA	NA
RMTg	933000120138480	NA	NA	NA
RMTg	933000120138519	NA	NA	NA
RMTg	933000120138546	NA	NA	NA
RMTg	933000320045638	NA	NA	NA
RMTg	933000320045819	NA	NA	NA
RMTg	933000320045935	NA	NA	NA
RMTg	933000320045980	NA	NA	NA
RMTg	933000320046160	NA	NA	NA
RMTg	933000320046163	NA	NA	NA
RMTg	933000320046286	NA	NA	NA
RMTg	933000320046287	NA	NA	NA
RMTg	933000320046291	NA	NA	NA
RMTg	933000320046296	NA	NA	NA
RMTg	933000320046309	NA	NA	NA
RMTg	933000320046316	NA	NA	NA
RMTg	933000320046322	NA	NA	NA
RMTg	933000320046325	NA	NA	NA
RMTg	933000320046372	NA	NA	NA
RMTg	933000320046459	NA	NA	NA
RMTg	933000320046487	NA	NA	NA
RMTg	933000320046511	NA	NA	NA
RMTg	933000320046567	NA	NA	NA
RMTg	933000320046633	NA	NA	NA
RMTg	933000320046650	NA	NA	NA
RMTg	933000320046780	NA	NA	NA
RMTg	933000320047442	NA	NA	NA
RMTg	933000320047650	NA	NA	NA
RMTg	933000320048353	NA	NA	NA
RMTg	933000320048482	NA	NA	NA
RMTg	933000320048514	NA	NA	NA
RMTg	933000320048521	NA	NA	NA
RMTg	933000320048869	NA	NA	NA
RMTg	933000320049013	NA	NA	NA
RMTg	933000320049177	NA	NA	NA
RMTg	933000320049180	NA	NA	NA
RMTg	933000320049191	NA	NA	NA
RMTg	933000320049198	NA	NA	NA
RMTg	933000320186806	NA	NA	NA
RMTg	933000320186852	NA	NA	NA
RMTg	933000320186858	NA	NA	NA
RMTg	933000320187031	NA	NA	NA
RMTg	933000320187049	NA	NA	NA
RMTg	933000320187460	NA	NA	NA
RMTg	933000320187563	NA	NA	NA
RMTg	933000320187589	NA	NA	NA
RMTg	933000320187590	NA	NA	NA
RMTg	933000320187759	NA	NA	NA
RMTg	933000320187929	NA	NA	NA
RMTg	933000320187980	NA	NA	NA
RMTg	933000320188053	NA	NA	NA
RMTg	933000320188184	NA	NA	NA
RMTg	933000320188186	NA	NA	NA
RMTg	933000320188198	NA	NA	NA
RMTg	933000320188380	NA	NA	NA
RMTg	933000320188383	NA	NA	NA
RMTg	933000320188452	NA	NA	NA
RMTg	933000320188569	NA	NA	NA
RMTg	933000320188588	NA	NA	NA
RMTg	933000320188590	NA	NA	NA
RMTg	933000320188599	NA	NA	NA
RMTg	933000320188691	NA	NA	NA
RMTg	933000320188753	NA	NA	NA
RMTg	933000320499722	NA	NA	NA
RMTg	933000320499746	NA	NA	NA
RMTg	933000320499902	NA	NA	NA
RMTg	933000320499907	NA	NA	NA
RMTg	933000320499908	NA	NA	NA
RMTg	933000320499909	NA	NA	NA
RMTg	933000320500161	NA	NA	NA
RMTg	933000320500166	NA	NA	NA
RMTg	933000320500408	NA	NA	NA
RMTg	933000320524192	NA	NA	NA
RMTg	933000320524337	NA	NA	NA
RMTg	933000320524354	NA	NA	NA
RMTg	933000320524357	NA	NA	NA
RMTg	933000320624747	NA	NA	NA
RMTg	933000320624881	NA	NA	NA
RMTg	933000320624887	NA	NA	NA
RMTg	933000320624895	NA	NA	NA
RMTg	933000320624964	NA	NA	NA
RMTg	933000320624968	NA	NA	NA
RMTg	933000320625027	NA	NA	NA
RMTg	933000320697537	NA	NA	NA
RMTg	933000320697539	NA	NA	NA
RMTg	933000320697540	NA	NA	NA
RMTg	933000320697542	NA	NA	NA
RMTg	933000320697543	NA	NA	NA
RMTg	933000320697708	NA	NA	NA
RMTg	933000320697720	NA	NA	NA
pVTA1	77493_3	NA	NA	NA
pVTA1	933000320048351	NA	NA	NA
pVTA1	933000320048356	NA	NA	NA
pVTA1	933000320048422	NA	NA	NA
pVTA1	933000320048512	NA	NA	NA
pVTA1	933000320048551	NA	NA	NA
pVTA1	933000320048552	NA	NA	NA
pVTA1	933000320048554	NA	NA	NA
pVTA1	933000320048555	NA	NA	NA
pVTA1	933000320048556	NA	NA	NA
pVTA1	933000320048557	NA	NA	NA
pVTA1	933000320048559	NA	NA	NA
pVTA1	933000320048563	NA	NA	NA
pVTA1	933000320048565	NA	NA	NA
pVTA1	933000320048567	NA	NA	NA
pVTA1	933000320048570	NA	NA	NA
pVTA1	933000320048571	NA	NA	NA
pVTA1	933000320048572	NA	NA	NA
pVTA1	933000320048573	NA	NA	NA
pVTA1	933000320048574	NA	NA	NA
pVTA1	933000320048575	NA	NA	NA
pVTA1	933000320048635	NA	NA	NA
pVTA1	933000320048639	NA	NA	NA
pVTA1	933000320048711	NA	NA	NA
pVTA1	933000320048725	NA	NA	NA
pVTA1	933000320048823	NA	NA	NA
pVTA1	933000320048829	NA	NA	NA
pVTA1	933000320048831	NA	NA	NA
pVTA1	933000320048835	NA	NA	NA
pVTA1	933000320048840	NA	NA	NA
pVTA1	933000320048856	NA	NA	NA
pVTA1	933000320048860	NA	NA	NA
pVTA1	933000320048862	NA	NA	NA
pVTA1	933000320048876	NA	NA	NA
pVTA1	933000320048883	NA	NA	NA
pVTA1	933000320048893	NA	NA	NA
pVTA1	933000320048896	NA	NA	NA
pVTA1	933000320049029	NA	NA	NA
pVTA1	933000320049036	NA	NA	NA
pVTA1	933000320049037	NA	NA	NA
pVTA1	933000320049038	NA	NA	NA
pVTA1	933000320049047	NA	NA	NA
pVTA1	933000320049056	NA	NA	NA
pVTA1	933000320049063	NA	NA	NA
pVTA1	933000320049066	NA	NA	NA
pVTA1	933000320049067	NA	NA	NA
pVTA1	933000320049068	NA	NA	NA
pVTA1	933000320049070	NA	NA	NA
pVTA1	933000320049074	NA	NA	NA
pVTA1	933000320049075	NA	NA	NA
pVTA1	933000320049079	NA	NA	NA
pVTA1	933000320049082	NA	NA	NA
pVTA1	933000320049084	NA	NA	NA
pVTA1	933000320049086	NA	NA	NA
pVTA1	933000320049093	NA	NA	NA
pVTA1	933000320049096	NA	NA	NA
pVTA1	933000320049126	NA	NA	NA
pVTA1	933000320049149	NA	NA	NA
pVTA1	933000320187463	NA	NA	NA
pVTA1	933000320187471	NA	NA	NA
pVTA1	933000320187858	NA	NA	NA
pVTA1	933000320187870	NA	NA	NA
pVTA1	933000320187872	NA	NA	NA
pVTA1	933000320187873	NA	NA	NA
pVTA1	AA1DCD67CE	NA	NA	NA
pVTA1	AA1DCD6806	NA	NA	NA
pVTA1	E21DCD3600	NA	NA	NA
pVTA1	E21DCD3603	NA	NA	NA
pVTA1	E21DCD360D	NA	NA	NA
pVTA1	E21DCD3610	NA	NA	NA
pVTA1	E21DCD3616	NA	NA	NA
pVTA1	E21DCD362D	NA	NA	NA
pVTA1	E21DCD362F	NA	NA	NA
pVTA1	E21DCD3635	NA	NA	NA
pVTA1	E21DCD3639	NA	NA	NA
pVTA1	E21DCD363A	NA	NA	NA
pVTA1	E21DCD3640	NA	NA	NA
pVTA1	E21DCD3644	NA	NA	NA
pVTA1	E21DCD364A	NA	NA	NA
pVTA1	E21DCD364D	NA	NA	NA
pVTA1	E21DCD3655	NA	NA	NA
pVTA1	E21DCD3656	NA	NA	NA
pVTA1	E21DCD365B	NA	NA	NA
pVTA1	E21DCD365F	NA	NA	NA
pVTA1	E21DCD3664	NA	NA	NA
pVTA1	E21DCD366B	NA	NA	NA
pVTA1	E21DCD3671	NA	NA	NA
pVTA1	E21DCD3672	NA	NA	NA
pVTA1	E21DCD3678	NA	NA	NA
pVTA1	E21DCD367A	NA	NA	NA
pVTA1	E21DCD367E	NA	NA	NA
pVTA1	E21DCD3681	NA	NA	NA
pVTA1	E21DCD36A2	NA	NA	NA
pVTA1	E21DCD36AD	NA	NA	NA
pVTA1	E21DCD36AE	NA	NA	NA
pVTA1	E21DCD36B0	NA	NA	NA
pVTA1	E21DCD36BA	NA	NA	NA
pVTA1	E21DCD36D2	NA	NA	NA
pVTA1	E21DCD36D7	NA	NA	NA
pVTA1	E21DCD36DB	NA	NA	NA
pVTA1	E21DCD36DF	NA	NA	NA
pVTA1	E21DCD36E0	NA	NA	NA
pVTA1	E21DCD36E1	NA	NA	NA
pVTA1	E21DCD36E6	NA	NA	NA
pVTA1	E21DCD36EF	NA	NA	NA
pVTA1	E21DCD3703	NA	NA	NA
pVTA1	E21DCD3704	NA	NA	NA
pVTA1	E21DCD3706	NA	NA	NA
pVTA1	E21DCD3708	NA	NA	NA
pVTA1	E21DCD370D	NA	NA	NA
pVTA1	E21DCD370F	NA	NA	NA
pVTA1	E21DCD3725	NA	NA	NA
pVTA1	E21DCD3728	NA	NA	NA
pVTA1	E21DCD372A	NA	NA	NA
pVTA1	E21DCD3735	NA	NA	NA
pVTA1	E21DCD3737	NA	NA	NA
pVTA1	E21DCD3739	NA	NA	NA
pVTA1	E21DCD3745	NA	NA	NA
pVTA1	E21DCD3753	NA	NA	NA
pVTA1	E21DCD3754	NA	NA	NA
pVTA1	E21DCD3757	NA	NA	NA
pVTA1	E21DCD375A	NA	NA	NA
pVTA1	E21DCD375C	NA	NA	NA
pVTA1	E21DCD375F	NA	NA	NA
pVTA1	E21DCD3766	NA	NA	NA
pVTA1	E21DCD376B	NA	NA	NA
pVTA1	E21DCD377B	NA	NA	NA
pVTA1	E21DCD377D	NA	NA	NA
pVTA1	E21DCD3780	NA	NA	NA
pVTA1	E21DCD3781	NA	NA	NA
pVTA1	E21DCD3788	NA	NA	NA
pVTA1	E21DCD3790	NA	NA	NA
pVTA1	E21DCD3791	NA	NA	NA
pVTA1	E21DCD37A1	NA	NA	NA
pVTA1	E21DCD37A6	NA	NA	NA
pVTA1	E21DCD37B0	NA	NA	NA
pVTA1	E21DCD37B2	NA	NA	NA
pVTA1	E21DCD37B9	NA	NA	NA
pVTA1	E21DCD37BB	NA	NA	NA
pVTA1	E21DCD37BD	NA	NA	NA
pVTA1	E21DCD37BE	NA	NA	NA
pVTA1	E21DCD37BF	NA	NA	NA
pVTA1	E21DCD37CD	NA	NA	NA
pVTA1	E21DCD37CF	NA	NA	NA
pVTA1	E21DCD37D4	NA	NA	NA
pVTA1	E21DCD37DA	NA	NA	NA
pVTA1	E21DCD37DE	NA	NA	NA
pVTA1	E21DCD37E1	NA	NA	NA
pVTA1	E21DCD37E3	NA	NA	NA
pVTA1	E21DCD37E6	NA	NA	NA
pVTA1	E21DCD37ED	NA	NA	NA
pVTA1	E21DCD37F1	NA	NA	NA
pVTA2	81996_4	NA	NA	NA
pVTA2	AA1DCD69B0	NA	NA	NA
pVTA2	AA1DCD69B8	NA	NA	NA
pVTA2	AA1DCD69BF	NA	NA	NA
pVTA2	AA1DCD69C0	NA	NA	NA
pVTA2	AA1DCD69C4	NA	NA	NA
pVTA2	AA1DCD69C5	NA	NA	NA
pVTA2	AA1DCD69C8	NA	NA	NA
pVTA2	AA1DCD69CA	NA	NA	NA
pVTA2	AA1DCD69CC	NA	NA	NA
pVTA2	AA1DCD69D0	NA	NA	NA
pVTA2	AA1DCD69D3	NA	NA	NA
pVTA2	AA1DCD69DA	NA	NA	NA
pVTA2	AA1DCD69DC	NA	NA	NA
pVTA2	AA1DCD69DD	NA	NA	NA
pVTA2	AA1DCD69DE	NA	NA	NA
pVTA2	AA1DCD69E1	NA	NA	NA
pVTA2	AA1DCD69E2	NA	NA	NA
pVTA2	AA1DCD69EC	NA	NA	NA
pVTA2	AA1DCD69EF	NA	NA	NA
pVTA2	AA1DCD69F1	NA	NA	NA
pVTA2	AA1DCD69F6	NA	NA	NA
pVTA2	AA1DCD6A09	NA	NA	NA
pVTA2	AA1DCD6A0B	NA	NA	NA
pVTA2	AA1DCD6A0D	NA	NA	NA
pVTA2	AA1DCD6A0E	NA	NA	NA
pVTA2	AA1DCD6A10	NA	NA	NA
pVTA2	AA1DCD6A11	NA	NA	NA
pVTA2	AA1DCD6A15	NA	NA	NA
pVTA2	AA1DCD6A16	NA	NA	NA
pVTA2	AA1DCD6A17	NA	NA	NA
pVTA2	AA1DCD6A19	NA	NA	NA
pVTA2	AA1DCD6A1C	NA	NA	NA
pVTA2	AA1DCD6A1D	NA	NA	NA
pVTA2	AA1DCD6A1F	NA	NA	NA
pVTA2	AA1DCD6A20	NA	NA	NA
pVTA2	AA1DCD6A21	NA	NA	NA
pVTA2	AA1DCD6A24	NA	NA	NA
pVTA2	AA1DCD6A27	NA	NA	NA
pVTA2	AA1DCD6A2C	NA	NA	NA
pVTA2	AA1DCD6A2F	NA	NA	NA
pVTA2	AA1DCD6A32	NA	NA	NA
pVTA2	AA1DCD6A36	NA	NA	NA
pVTA2	AA1DCD6A37	NA	NA	NA
pVTA2	AA1DCD6A38	NA	NA	NA
pVTA2	AA1DCD6A3B	NA	NA	NA
pVTA2	AA1DCD6A3C	NA	NA	NA
pVTA2	AA1DCD6A3D	NA	NA	NA
pVTA2	AA1DCD6A3F	NA	NA	NA
pVTA2	AA1DCD6A40	NA	NA	NA
pVTA2	AA1DCD6A46	NA	NA	NA
pVTA2	AA1DCD6A49	NA	NA	NA
pVTA2	AA1DCD6A4A	NA	NA	NA
pVTA2	AA1DCD6A4D	NA	NA	NA
pVTA2	AA1DCD6A4E	NA	NA	NA
pVTA2	AA1DCD6A50	NA	NA	NA
pVTA2	AA1DCD6A52	NA	NA	NA
pVTA2	AA1DCD6A53	NA	NA	NA
pVTA2	AA1DCD6A57	NA	NA	NA
pVTA2	AA1DCD6A58	NA	NA	NA
pVTA2	AA1DCD6A59	NA	NA	NA
pVTA2	AA1DCD6A5B	NA	NA	NA
pVTA2	AA1DCD6A62	NA	NA	NA
pVTA2	AA1DCD6A66	NA	NA	NA
pVTA2	AA1DCD6A6B	NA	NA	NA
pVTA2	AA1DCD6A6C	NA	NA	NA
pVTA2	AA1DCD6A70	NA	NA	NA
pVTA2	AA1DCD6A74	NA	NA	NA
pVTA2	AA1DCD6A75	NA	NA	NA
pVTA2	AA1DCD6C6D	NA	NA	NA
pVTA2	AA1DCD6C6E	NA	NA	NA
pVTA2	AA1DCD6C6F	NA	NA	NA
pVTA2	AA1DCD6C70	NA	NA	NA
pVTA2	AA1DCD6C71	NA	NA	NA
pVTA2	AA1DCD6C72	NA	NA	NA
pVTA2	AA1DCD6C74	NA	NA	NA
pVTA2	AA1DCD6C75	NA	NA	NA
pVTA2	AA1DCD6C78	NA	NA	NA
pVTA2	AA1DCD6C79	NA	NA	NA
pVTA2	AA1DCD6C7C	NA	NA	NA
pVTA2	AA1DCD6C7D	NA	NA	NA
pVTA2	AA1DCD6C82	NA	NA	NA
pVTA2	AA1DCD6C83	NA	NA	NA
pVTA2	AA1DCD6C84	NA	NA	NA
pVTA2	AA1DCD6C86	NA	NA	NA
pVTA2	AA1DCD6C87	NA	NA	NA
pVTA2	AA1DCD6C88	NA	NA	NA
pVTA2	AA1DCD6C89	NA	NA	NA
pVTA2	AA1DCD6C8A	NA	NA	NA
pVTA2	AA1DCD6C8B	NA	NA	NA
pVTA2	AA1DCD6C8D	NA	NA	NA
pVTA2	AA1DCD6C8E	NA	NA	NA
pVTA2	AA1DCD6C8F	NA	NA	NA
pVTA2	AA1DCD6C90	NA	NA	NA
pVTA2	AA1DCD6C91	NA	NA	NA
pVTA2	AA1DCD6C92	NA	NA	NA
pVTA2	AA1DCD6C93	NA	NA	NA
pVTA2	AA1DCD6C95	NA	NA	NA
pVTA2	AA1DCD6C97	NA	NA	NA
pVTA2	AA1DCD6C98	NA	NA	NA
pVTA2	AA1DCD6C99	NA	NA	NA
pVTA2	AA1DCD6C9A	NA	NA	NA
pVTA2	AA1DCD6C9C	NA	NA	NA
pVTA2	AA1DCD6C9D	NA	NA	NA
pVTA2	AA1DCD6C9F	NA	NA	NA
pVTA2	AA1DCD6CA0	NA	NA	NA
pVTA2	AA1DCD6CA1	NA	NA	NA
pVTA2	AA1DCD6CA2	NA	NA	NA
pVTA2	AA1DCD6CA5	NA	NA	NA
pVTA2	AA1DCD6CA6	NA	NA	NA
pVTA2	AA1DCD6CA7	NA	NA	NA
pVTA2	AA1DCD6CA9	NA	NA	NA
pVTA2	AA1DCD6CAA	NA	NA	NA
pVTA2	AA1DCD6CAD	NA	NA	NA
pVTA2	AA1DCD6CB0	NA	NA	NA
pVTA2	AA1DCD6CB2	NA	NA	NA
pVTA2	AA1DCD6CB4	NA	NA	NA
pVTA2	AA1DCD6CB5	NA	NA	NA
pVTA2	AA1DCD6CB6	NA	NA	NA
pVTA2	AA1DCD6CB7	NA	NA	NA
pVTA2	AA1DCD6CBD	NA	NA	NA
pVTA2	AA1DCD6CBE	NA	NA	NA
pVTA2	AA1DCD6CBF	NA	NA	NA
pVTA2	AA1DCD6CC0	NA	NA	NA
pVTA2	AA1DCD6CC1	NA	NA	NA
pVTA2	AA1DCD6CC2	NA	NA	NA
pVTA2	AA1DCD6CC3	NA	NA	NA
pVTA2	AA1DCD6CC4	NA	NA	NA
pVTA2	AA1DCD6CC5	NA	NA	NA
pVTA2	AA1DCD6CC9	NA	NA	NA
pVTA2	AA1DCD6CCB	NA	NA	NA
pVTA2	AA1DCD6CCC	NA	NA	NA
pVTA2	AA1DCD6CD4	NA	NA	NA
pVTA2	AA1DCD6CE1	NA	NA	NA
pVTA2	AA1DCD6CE8	NA	NA	NA
pVTA2	AA1DCD6CEE	NA	NA	NA
pVTA2	AA1DCD6D05	NA	NA	NA
pVTA2	AA1DCD6D06	NA	NA	NA
pVTA2	AA1DCD6D19	NA	NA	NA
pVTA2	AA1DCD6D2E	NA	NA	NA
pVTA2	AA1DCD6D33	NA	NA	NA
